mano_valor,mano_es_blanda,mano_apuesta,mano_num_cartas,mano_es_par_divisible,agente_nombre,agente_capital_inicial,dealer_valor_carta,accion_tomada,ganancia_neta,conteo_cartas,recompensa_normalizada
16,False,32,2,False,AgenteAleatorio1,100000,8,DIVIDIR,-32,None,-1.0
15,False,155,2,False,AgenteAleatorio1,99968,2,DIVIDIR,155,None,1.0
11,False,548,2,False,AgenteAleatorio1,100123,2,PLANTARSE,548,None,1.0
18,False,1003,2,False,AgenteAleatorio1,100671,2,DIVIDIR,-1003,None,-1.0
11,False,789,2,False,AgenteAleatorio1,99668,4,PLANTARSE,789,None,1.0
7,False,373,2,False,AgenteAleatorio1,100457,10,PLANTARSE,373,None,1.0
20,False,421,2,True,AgenteAleatorio1,100830,5,DOBLAR,-842,None,-2.0
12,False,632,2,False,AgenteAleatorio1,99988,7,PEDIR,632,None,1.0
21,False,632,3,False,AgenteAleatorio1,99988,7,RENDIRSE,632,None,1.0
11,False,774,2,False,AgenteAleatorio1,99988,10,PLANTARSE,-774,None,-1.0
12,False,855,2,False,AgenteAleatorio1,99214,7,RENDIRSE,-427,None,-0.4994152046783626
11,False,549,2,False,AgenteAleatorio1,98786,10,PLANTARSE,-549,None,-1.0
20,False,677,2,True,AgenteAleatorio1,98237,8,RENDIRSE,-338,None,-0.49926144756277696
17,False,124,2,False,AgenteAleatorio1,97898,4,PEDIR,-124,None,-1.0
13,False,871,2,False,AgenteAleatorio1,97774,5,PLANTARSE,-871,None,-1.0
16,False,616,2,False,AgenteAleatorio1,96903,10,PLANTARSE,-616,None,-1.0
18,True,850,2,False,AgenteAleatorio1,96287,3,DOBLAR,1700,None,2.0
18,True,794,2,False,AgenteAleatorio1,97987,5,RENDIRSE,-397,None,-0.5
5,False,576,2,False,AgenteAleatorio1,97590,9,DOBLAR,-1152,None,-2.0
7,False,52,2,False,AgenteAleatorio1,96438,10,RENDIRSE,-26,None,-0.5
9,False,218,2,False,AgenteAleatorio1,96412,10,DIVIDIR,-218,None,-1.0
11,False,339,2,False,AgenteAleatorio1,96194,10,RENDIRSE,-169,None,-0.49852507374631266
8,False,560,2,False,AgenteAleatorio1,96024,10,DIVIDIR,-560,None,-1.0
13,False,593,2,False,AgenteAleatorio1,95464,10,DOBLAR,-1186,None,-2.0
20,False,524,2,True,AgenteAleatorio1,94278,2,RENDIRSE,-262,None,-0.5
14,False,411,2,False,AgenteAleatorio1,94016,8,DOBLAR,-822,None,-2.0
13,False,789,2,False,AgenteAleatorio1,93194,10,PEDIR,-789,None,-1.0
15,False,789,3,False,AgenteAleatorio1,93194,10,PLANTARSE,-789,None,-1.0
8,False,321,2,False,AgenteAleatorio1,92405,6,RENDIRSE,-160,None,-0.4984423676012461
21,True,464,2,False,AgenteAleatorio1,92244,9,PLANTARSE,40,None,0.08620689655172414
18,False,40,2,False,AgenteAleatorio1,92244,10,DIVIDIR,40,None,1.0
20,True,609,2,False,AgenteAleatorio1,92244,7,RENDIRSE,-304,None,-0.49917898193760263
9,False,442,2,False,AgenteAleatorio1,91939,10,RENDIRSE,-221,None,-0.5
15,False,282,2,False,AgenteAleatorio1,91718,9,PEDIR,-282,None,-1.0
15,True,186,2,False,AgenteAleatorio1,91436,6,RENDIRSE,-93,None,-0.5
20,False,273,2,True,AgenteAleatorio1,91343,8,DOBLAR,-546,None,-2.0
13,False,303,2,False,AgenteAleatorio1,90797,11,PLANTARSE,-303,None,-1.0
19,False,895,2,False,AgenteAleatorio1,90494,9,DIVIDIR,895,None,1.0
20,False,239,2,True,AgenteAleatorio1,91389,10,DIVIDIR,-478,None,-2.0
13,False,239,2,False,AgenteAleatorio1,91150,10,DOBLAR,-478,None,-2.0
12,False,239,2,False,AgenteAleatorio1,90911,10,PEDIR,-239,None,-1.0
12,False,19,2,False,AgenteAleatorio1,90672,9,PLANTARSE,-19,None,-1.0
10,False,700,2,False,AgenteAleatorio1,90653,4,DIVIDIR,700,None,1.0
20,False,766,2,True,AgenteAleatorio1,91353,9,PEDIR,-766,None,-1.0
16,True,671,2,False,AgenteAleatorio1,90587,4,PLANTARSE,-671,None,-1.0
8,False,426,2,False,AgenteAleatorio1,89916,10,DOBLAR,0,None,0.0
20,False,205,2,True,AgenteAleatorio1,89916,3,RENDIRSE,-102,None,-0.4975609756097561
10,False,467,2,False,AgenteAleatorio1,89813,8,DOBLAR,934,None,2.0
8,False,697,2,False,AgenteAleatorio1,89813,10,PEDIR,-697,None,-1.0
18,False,697,3,False,AgenteAleatorio1,89813,10,RENDIRSE,-697,None,-1.0
20,False,483,2,True,AgenteAleatorio1,89116,10,PLANTARSE,0,None,0.0
18,False,763,2,False,AgenteAleatorio1,89116,8,PEDIR,-763,None,-1.0
20,True,872,2,False,AgenteAleatorio1,88353,8,PLANTARSE,-872,None,-1.0
18,True,572,2,False,AgenteAleatorio1,87481,2,PLANTARSE,-572,None,-1.0
7,False,820,2,False,AgenteAleatorio1,86909,4,PEDIR,-820,None,-1.0
18,True,820,3,False,AgenteAleatorio1,86909,4,DIVIDIR,-820,None,-1.0
15,False,424,2,False,AgenteAleatorio1,86089,3,DOBLAR,0,None,0.0
20,False,849,2,True,AgenteAleatorio1,86089,10,DIVIDIR,-849,None,-1.0
15,False,849,2,False,AgenteAleatorio1,85240,10,PLANTARSE,-849,None,-1.0
20,False,849,2,True,AgenteAleatorio1,85240,10,RENDIRSE,-424,None,-0.4994110718492344
8,False,633,2,False,AgenteAleatorio1,84815,4,RENDIRSE,-316,None,-0.49921011058451814
13,False,265,2,False,AgenteAleatorio1,84498,5,RENDIRSE,-132,None,-0.4981132075471698
21,True,483,2,False,AgenteAleatorio1,84365,2,RENDIRSE,-241,None,-0.4989648033126294
20,False,359,2,True,AgenteAleatorio1,84123,11,PLANTARSE,359,None,1.0
18,False,129,2,True,AgenteAleatorio1,84123,3,DIVIDIR,-258,None,-2.0
13,False,129,2,False,AgenteAleatorio1,83994,3,DOBLAR,-258,None,-2.0
19,False,129,2,False,AgenteAleatorio1,83865,3,PEDIR,-129,None,-1.0
18,False,28,2,False,AgenteAleatorio1,83736,9,DIVIDIR,28,None,1.0
17,False,459,2,False,AgenteAleatorio1,83764,8,DOBLAR,918,None,2.0
17,False,531,2,False,AgenteAleatorio1,83764,2,RENDIRSE,-265,None,-0.4990583804143126
15,False,429,2,False,AgenteAleatorio1,83498,10,PLANTARSE,-429,None,-1.0
16,False,302,2,False,AgenteAleatorio1,83069,9,RENDIRSE,-151,None,-0.5
7,False,750,2,False,AgenteAleatorio1,82918,11,RENDIRSE,-375,None,-0.5
18,False,626,2,False,AgenteAleatorio1,82543,2,DOBLAR,-1252,None,-2.0
10,False,687,2,True,AgenteAleatorio1,81291,8,PLANTARSE,687,None,1.0
16,False,243,2,False,AgenteAleatorio1,81978,7,PLANTARSE,-243,None,-1.0
12,False,59,2,False,AgenteAleatorio1,81735,10,DOBLAR,-118,None,-2.0
20,False,14,2,True,AgenteAleatorio1,81617,10,DOBLAR,-28,None,-2.0
9,False,233,2,False,AgenteAleatorio1,81589,3,DIVIDIR,233,None,1.0
11,False,402,2,False,AgenteAleatorio1,81822,10,DOBLAR,-804,None,-2.0
16,False,700,2,False,AgenteAleatorio1,81018,5,DOBLAR,-1400,None,-2.0
14,False,746,2,False,AgenteAleatorio1,79618,9,PEDIR,-746,None,-1.0
12,False,248,2,False,AgenteAleatorio1,78872,10,PLANTARSE,-248,None,-1.0
13,False,437,2,False,AgenteAleatorio1,78624,10,RENDIRSE,-218,None,-0.4988558352402746
17,False,653,2,False,AgenteAleatorio1,78405,4,PLANTARSE,-653,None,-1.0
7,False,233,2,False,AgenteAleatorio1,77752,11,PEDIR,-233,None,-1.0
15,False,233,3,False,AgenteAleatorio1,77752,11,PLANTARSE,-233,None,-1.0
16,False,493,2,False,AgenteAleatorio1,77519,10,DOBLAR,986,None,2.0
12,False,105,2,False,AgenteAleatorio1,77519,10,DOBLAR,0,None,0.0
4,False,178,2,True,AgenteAleatorio1,77519,4,PEDIR,178,None,1.0
14,False,178,3,False,AgenteAleatorio1,77519,4,DIVIDIR,178,None,1.0
19,False,46,2,False,AgenteAleatorio1,77697,8,PLANTARSE,46,None,1.0
16,False,333,2,False,AgenteAleatorio1,77743,6,RENDIRSE,-166,None,-0.4984984984984985
14,False,344,2,False,AgenteAleatorio1,77576,3,DOBLAR,-688,None,-2.0
12,False,608,2,False,AgenteAleatorio1,76888,11,PEDIR,0,None,0.0
18,False,608,3,False,AgenteAleatorio1,76888,11,RENDIRSE,0,None,0.0
16,False,590,2,False,AgenteAleatorio1,76888,3,DIVIDIR,590,None,1.0
16,False,519,2,False,AgenteAleatorio1,77478,10,RENDIRSE,-259,None,-0.49903660886319845
19,True,406,2,False,AgenteAleatorio1,77218,2,DOBLAR,812,None,2.0
12,False,440,2,False,AgenteAleatorio1,78030,6,PLANTARSE,-440,None,-1.0
14,False,492,2,False,AgenteAleatorio1,77590,5,PLANTARSE,-492,None,-1.0
20,True,198,2,False,AgenteAleatorio1,77098,9,PEDIR,198,None,1.0
14,False,198,3,False,AgenteAleatorio1,77098,9,DIVIDIR,198,None,1.0
12,False,580,2,False,AgenteAleatorio1,77296,10,PEDIR,580,None,1.0
17,False,580,3,False,AgenteAleatorio1,77296,10,DOBLAR,580,None,1.0
5,False,472,2,False,AgenteAleatorio1,77876,2,PLANTARSE,-472,None,-1.0
13,False,111,2,False,AgenteAleatorio1,77404,5,PEDIR,-111,None,-1.0
14,False,111,3,False,AgenteAleatorio1,77404,5,PEDIR,-111,None,-1.0
15,False,583,2,False,AgenteAleatorio1,77293,4,RENDIRSE,-291,None,-0.49914236706689535
19,False,460,2,False,AgenteAleatorio1,77001,10,PLANTARSE,-460,None,-1.0
12,False,693,2,False,AgenteAleatorio1,76541,4,DOBLAR,1386,None,2.0
7,False,455,2,False,AgenteAleatorio1,77927,7,RENDIRSE,-227,None,-0.4989010989010989
19,False,743,2,False,AgenteAleatorio1,77699,7,RENDIRSE,-371,None,-0.4993270524899058
15,False,485,2,False,AgenteAleatorio1,77327,11,RENDIRSE,-242,None,-0.49896907216494846
16,False,768,2,False,AgenteAleatorio1,77084,10,PLANTARSE,768,None,1.0
7,False,400,2,False,AgenteAleatorio1,77852,11,PLANTARSE,-400,None,-1.0
15,False,765,2,False,AgenteAleatorio1,77452,3,PEDIR,-765,None,-1.0
17,False,389,2,False,AgenteAleatorio1,76687,5,DIVIDIR,-389,None,-1.0
14,False,311,2,False,AgenteAleatorio1,76298,7,RENDIRSE,-155,None,-0.4983922829581994
10,False,473,2,False,AgenteAleatorio1,76142,11,PLANTARSE,-473,None,-1.0
15,True,14,2,False,AgenteAleatorio1,75669,10,DOBLAR,-28,None,-2.0
19,False,681,2,False,AgenteAleatorio1,75641,2,PLANTARSE,681,None,1.0
9,False,650,2,False,AgenteAleatorio1,76322,8,RENDIRSE,-325,None,-0.5
10,False,224,2,False,AgenteAleatorio1,75997,10,DIVIDIR,-224,None,-1.0
13,False,719,2,False,AgenteAleatorio1,75773,7,RENDIRSE,-359,None,-0.4993045897079277
16,False,290,2,True,AgenteAleatorio1,75413,6,DOBLAR,-580,None,-2.0
19,False,418,2,False,AgenteAleatorio1,74833,5,RENDIRSE,-209,None,-0.5
9,False,713,2,False,AgenteAleatorio1,74624,10,DIVIDIR,-713,None,-1.0
12,False,124,2,False,AgenteAleatorio1,73911,4,DOBLAR,-248,None,-2.0
17,False,35,2,False,AgenteAleatorio1,73663,5,RENDIRSE,-17,None,-0.4857142857142857
10,False,213,2,False,AgenteAleatorio1,73645,5,PEDIR,-213,None,-1.0
13,False,213,3,False,AgenteAleatorio1,73645,5,PEDIR,-213,None,-1.0
17,True,103,2,False,AgenteAleatorio1,73432,2,DOBLAR,206,None,2.0
12,False,517,2,False,AgenteAleatorio1,73638,7,PLANTARSE,-517,None,-1.0
19,False,34,2,False,AgenteAleatorio1,73121,3,DIVIDIR,-34,None,-1.0
20,False,568,2,True,AgenteAleatorio1,73087,10,DIVIDIR,-284,None,-0.5
21,True,568,2,False,AgenteAleatorio1,72519,10,RENDIRSE,-284,None,-0.5
19,False,715,2,False,AgenteAleatorio1,72803,10,PLANTARSE,-715,None,-1.0
12,False,407,2,False,AgenteAleatorio1,72088,5,DIVIDIR,407,None,1.0
14,False,268,2,False,AgenteAleatorio1,72495,7,PEDIR,-268,None,-1.0
15,False,268,3,False,AgenteAleatorio1,72495,7,DIVIDIR,-268,None,-1.0
18,False,720,2,False,AgenteAleatorio1,72227,11,PLANTARSE,-720,None,-1.0
8,False,567,2,False,AgenteAleatorio1,71507,9,DIVIDIR,-567,None,-1.0
20,False,158,2,True,AgenteAleatorio1,70940,10,RENDIRSE,-79,None,-0.5
18,False,530,2,False,AgenteAleatorio1,70861,4,PLANTARSE,530,None,1.0
17,True,452,2,False,AgenteAleatorio1,71391,2,DOBLAR,-904,None,-2.0
15,True,222,2,False,AgenteAleatorio1,70487,3,PLANTARSE,-222,None,-1.0
15,False,377,2,False,AgenteAleatorio1,70265,10,DIVIDIR,-377,None,-1.0
14,False,423,2,True,AgenteAleatorio1,69888,8,DIVIDIR,423,None,1.0
16,False,423,2,False,AgenteAleatorio1,69465,8,DIVIDIR,423,None,1.0
17,False,423,2,False,AgenteAleatorio1,69465,8,DIVIDIR,423,None,1.0
16,False,156,2,False,AgenteAleatorio1,70734,10,DOBLAR,-312,None,-2.0
21,True,159,2,False,AgenteAleatorio1,70422,2,DIVIDIR,-174,None,-1.0943396226415094
10,False,292,2,False,AgenteAleatorio1,70422,10,PEDIR,0,None,0.0
20,False,292,3,False,AgenteAleatorio1,70422,10,DOBLAR,0,None,0.0
14,False,174,2,False,AgenteAleatorio1,70422,10,PLANTARSE,-174,None,-1.0
14,False,382,2,False,AgenteAleatorio1,70248,11,RENDIRSE,-191,None,-0.5
9,False,29,2,False,AgenteAleatorio1,70057,9,PLANTARSE,29,None,1.0
13,False,179,2,False,AgenteAleatorio1,70086,2,DIVIDIR,-179,None,-1.0
13,False,119,2,False,AgenteAleatorio1,69907,6,PLANTARSE,119,None,1.0
21,True,534,2,False,AgenteAleatorio1,70026,10,PEDIR,0,None,0.0
21,False,534,3,False,AgenteAleatorio1,70026,10,RENDIRSE,0,None,0.0
16,True,647,2,False,AgenteAleatorio1,70026,10,RENDIRSE,-323,None,-0.4992272024729521
10,False,130,2,False,AgenteAleatorio1,69702,10,PLANTARSE,-130,None,-1.0
11,False,662,2,False,AgenteAleatorio1,69572,10,DOBLAR,1324,None,2.0
20,False,609,2,True,AgenteAleatorio1,69572,10,PLANTARSE,0,None,0.0
15,False,7,2,False,AgenteAleatorio1,69572,10,RENDIRSE,-3,None,-0.42857142857142855
19,False,434,2,False,AgenteAleatorio1,69568,10,PEDIR,-434,None,-1.0
13,False,450,2,False,AgenteAleatorio1,69134,2,RENDIRSE,-225,None,-0.5
17,False,375,2,False,AgenteAleatorio1,68909,10,PLANTARSE,-375,None,-1.0
16,True,303,2,False,AgenteAleatorio1,68534,7,DIVIDIR,303,None,1.0
14,False,488,2,False,AgenteAleatorio1,68837,2,DOBLAR,-976,None,-2.0
14,False,98,2,False,AgenteAleatorio1,67861,3,RENDIRSE,-49,None,-0.5
16,False,206,2,False,AgenteAleatorio1,67812,10,PLANTARSE,-206,None,-1.0
17,False,652,2,False,AgenteAleatorio1,67606,11,DOBLAR,0,None,0.0
6,False,540,2,False,AgenteAleatorio1,67606,8,PEDIR,-540,None,-1.0
14,False,540,3,False,AgenteAleatorio1,67606,8,DOBLAR,-540,None,-1.0
9,False,380,2,False,AgenteAleatorio1,67066,6,DIVIDIR,380,None,1.0
19,False,662,2,False,AgenteAleatorio1,67446,10,PEDIR,-662,None,-1.0
11,False,229,2,False,AgenteAleatorio1,66784,9,DOBLAR,458,None,2.0
10,False,457,2,False,AgenteAleatorio1,67242,8,PEDIR,-457,None,-1.0
20,False,457,3,False,AgenteAleatorio1,67242,8,PEDIR,-457,None,-1.0
13,False,470,2,False,AgenteAleatorio1,66785,10,PEDIR,-470,None,-1.0
16,False,510,2,False,AgenteAleatorio1,66315,7,PEDIR,-510,None,-1.0
14,False,20,2,False,AgenteAleatorio1,65805,10,PLANTARSE,20,None,1.0
16,False,650,2,False,AgenteAleatorio1,65825,5,RENDIRSE,-325,None,-0.5
16,True,246,2,False,AgenteAleatorio1,65500,8,PLANTARSE,-246,None,-1.0
18,False,279,2,False,AgenteAleatorio1,65254,8,PEDIR,-279,None,-1.0
20,False,213,2,True,AgenteAleatorio1,64975,11,DOBLAR,0,None,0.0
17,False,436,2,False,AgenteAleatorio1,64975,6,PEDIR,-436,None,-1.0
15,False,191,2,False,AgenteAleatorio1,64539,7,PLANTARSE,-191,None,-1.0
13,False,262,2,False,AgenteAleatorio1,64348,10,RENDIRSE,-131,None,-0.5
14,False,302,2,True,AgenteAleatorio1,64217,11,PEDIR,0,None,0.0
21,False,302,3,False,AgenteAleatorio1,64217,11,RENDIRSE,0,None,0.0
16,False,189,2,False,AgenteAleatorio1,64217,4,DIVIDIR,-189,None,-1.0
15,True,146,2,False,AgenteAleatorio1,64028,2,DOBLAR,-292,None,-2.0
10,False,513,2,False,AgenteAleatorio1,63736,4,PLANTARSE,513,None,1.0
11,False,456,2,False,AgenteAleatorio1,64249,10,DIVIDIR,-456,None,-1.0
19,False,144,2,False,AgenteAleatorio1,63793,10,PLANTARSE,144,None,1.0
18,False,446,2,False,AgenteAleatorio1,63793,11,PLANTARSE,0,None,0.0
17,False,286,2,False,AgenteAleatorio1,63793,7,RENDIRSE,-143,None,-0.5
12,False,98,2,False,AgenteAleatorio1,63650,5,RENDIRSE,-49,None,-0.5
14,False,269,2,False,AgenteAleatorio1,63601,2,PEDIR,269,None,1.0
17,False,269,3,False,AgenteAleatorio1,63601,2,PEDIR,269,None,1.0
21,False,269,4,False,AgenteAleatorio1,63601,2,PLANTARSE,269,None,1.0
13,False,441,2,False,AgenteAleatorio1,63601,2,PEDIR,-441,None,-1.0
17,False,441,3,False,AgenteAleatorio1,63601,2,DOBLAR,-441,None,-1.0
15,False,433,2,False,AgenteAleatorio1,63160,10,PEDIR,-433,None,-1.0
21,False,433,3,False,AgenteAleatorio1,63160,10,PEDIR,-433,None,-1.0
21,True,528,2,False,AgenteAleatorio1,62727,8,DOBLAR,-1056,None,-2.0
20,False,210,2,True,AgenteAleatorio1,61671,6,PEDIR,-210,None,-1.0
18,False,100,2,False,AgenteAleatorio1,61461,10,DIVIDIR,100,None,1.0
13,False,152,2,False,AgenteAleatorio1,61561,5,RENDIRSE,-76,None,-0.5
16,False,92,2,False,AgenteAleatorio1,61485,10,PEDIR,-92,None,-1.0
8,False,142,2,False,AgenteAleatorio1,61393,7,DOBLAR,-284,None,-2.0
21,True,97,2,False,AgenteAleatorio1,61109,7,RENDIRSE,-48,None,-0.4948453608247423
14,True,424,2,False,AgenteAleatorio1,61060,10,DOBLAR,-848,None,-2.0
14,False,12,2,False,AgenteAleatorio1,60212,7,DOBLAR,-24,None,-2.0
5,False,170,2,False,AgenteAleatorio1,60188,3,PEDIR,170,None,1.0
9,False,170,3,False,AgenteAleatorio1,60188,3,PLANTARSE,170,None,1.0
12,False,313,2,False,AgenteAleatorio1,60358,9,DIVIDIR,-313,None,-1.0
12,False,80,2,False,AgenteAleatorio1,60045,9,DOBLAR,-160,None,-2.0
18,False,286,2,False,AgenteAleatorio1,59885,7,PEDIR,286,None,1.0
19,False,286,3,False,AgenteAleatorio1,59885,7,DOBLAR,286,None,1.0
12,False,164,2,False,AgenteAleatorio1,60171,9,PLANTARSE,-164,None,-1.0
16,False,225,2,False,AgenteAleatorio1,60007,5,PEDIR,0,None,0.0
19,False,225,3,False,AgenteAleatorio1,60007,5,RENDIRSE,0,None,0.0
11,False,466,2,False,AgenteAleatorio1,60007,8,PLANTARSE,-466,None,-1.0
13,False,571,2,False,AgenteAleatorio1,59541,4,DOBLAR,1142,None,2.0
11,False,259,2,False,AgenteAleatorio1,60683,11,PEDIR,-259,None,-1.0
17,False,259,3,False,AgenteAleatorio1,60683,11,RENDIRSE,-259,None,-1.0
18,False,389,2,False,AgenteAleatorio1,60424,11,PLANTARSE,-389,None,-1.0
16,False,521,2,False,AgenteAleatorio1,60035,2,PEDIR,-521,None,-1.0
14,False,292,2,False,AgenteAleatorio1,59514,2,DOBLAR,584,None,2.0
15,False,80,2,False,AgenteAleatorio1,60098,10,DOBLAR,-160,None,-2.0
17,False,461,2,False,AgenteAleatorio1,59938,10,PEDIR,461,None,1.0
18,False,461,3,False,AgenteAleatorio1,59938,10,RENDIRSE,461,None,1.0
18,True,439,2,False,AgenteAleatorio1,60399,4,RENDIRSE,-219,None,-0.4988610478359909
18,False,314,2,False,AgenteAleatorio1,60179,4,RENDIRSE,-157,None,-0.5
17,False,480,2,False,AgenteAleatorio1,60022,3,PEDIR,-480,None,-1.0
13,False,309,2,False,AgenteAleatorio1,59542,10,PLANTARSE,-309,None,-1.0
20,False,267,2,True,AgenteAleatorio1,59233,10,RENDIRSE,-133,None,-0.49812734082397003
12,False,319,2,False,AgenteAleatorio1,59099,10,PEDIR,-319,None,-1.0
8,False,256,2,False,AgenteAleatorio1,58780,9,RENDIRSE,-128,None,-0.5
12,False,451,2,False,AgenteAleatorio1,58652,10,PLANTARSE,451,None,1.0
20,False,242,2,True,AgenteAleatorio1,59103,8,RENDIRSE,-121,None,-0.5
13,False,42,2,False,AgenteAleatorio1,58982,3,RENDIRSE,-21,None,-0.5
13,False,463,2,False,AgenteAleatorio1,58961,10,RENDIRSE,-231,None,-0.49892008639308855
17,False,37,2,False,AgenteAleatorio1,58729,9,RENDIRSE,-18,None,-0.4864864864864865
15,False,264,2,False,AgenteAleatorio1,58710,10,DOBLAR,-528,None,-2.0
14,False,526,2,False,AgenteAleatorio1,58182,3,DIVIDIR,526,None,1.0
16,False,120,2,False,AgenteAleatorio1,58708,10,DOBLAR,-240,None,-2.0
12,False,173,2,True,AgenteAleatorio1,58468,3,DOBLAR,346,None,2.0
12,False,554,2,False,AgenteAleatorio1,58814,10,DOBLAR,1108,None,2.0
14,False,60,2,False,AgenteAleatorio1,59922,10,PLANTARSE,-60,None,-1.0
7,False,276,2,False,AgenteAleatorio1,59862,3,DIVIDIR,276,None,1.0
20,False,291,2,True,AgenteAleatorio1,60138,11,DOBLAR,-582,None,-2.0
16,False,473,2,False,AgenteAleatorio1,59556,6,DOBLAR,-946,None,-2.0
20,False,211,2,True,AgenteAleatorio1,58610,5,RENDIRSE,-105,None,-0.4976303317535545
13,False,131,2,False,AgenteAleatorio1,58504,6,DOBLAR,262,None,2.0
19,True,317,2,False,AgenteAleatorio1,58766,4,PLANTARSE,317,None,1.0
12,False,429,2,False,AgenteAleatorio1,58766,7,RENDIRSE,-214,None,-0.4988344988344988
14,False,409,2,True,AgenteAleatorio1,58551,11,DOBLAR,-818,None,-2.0
20,False,366,2,True,AgenteAleatorio1,57733,10,DIVIDIR,-732,None,-2.0
20,False,366,2,True,AgenteAleatorio1,57367,10,DOBLAR,-732,None,-2.0
16,False,366,2,False,AgenteAleatorio1,57001,10,PLANTARSE,-366,None,-1.0
19,False,463,2,False,AgenteAleatorio1,56635,10,DOBLAR,-926,None,-2.0
10,False,25,2,False,AgenteAleatorio1,55709,5,PEDIR,-25,None,-1.0
14,False,25,3,False,AgenteAleatorio1,55709,5,PEDIR,-25,None,-1.0
14,False,282,2,False,AgenteAleatorio1,55684,2,RENDIRSE,-141,None,-0.5
6,False,3,2,False,AgenteAleatorio1,55543,2,PEDIR,-3,None,-1.0
14,False,3,3,False,AgenteAleatorio1,55543,2,RENDIRSE,-3,None,-1.0
13,False,132,2,False,AgenteAleatorio1,55540,5,PEDIR,-132,None,-1.0
16,False,18,2,False,AgenteAleatorio1,55408,9,DIVIDIR,-18,None,-1.0
16,False,185,2,False,AgenteAleatorio1,55390,8,RENDIRSE,-92,None,-0.4972972972972973
15,False,267,2,False,AgenteAleatorio1,55297,3,DIVIDIR,-267,None,-1.0
9,False,274,2,False,AgenteAleatorio1,55030,7,RENDIRSE,-137,None,-0.5
17,False,286,2,False,AgenteAleatorio1,54893,10,PEDIR,-286,None,-1.0
13,False,88,2,False,AgenteAleatorio1,54607,10,PEDIR,-88,None,-1.0
16,True,93,2,False,AgenteAleatorio1,54519,10,DOBLAR,-186,None,-2.0
13,True,214,2,False,AgenteAleatorio1,54333,8,PEDIR,0,None,0.0
18,True,214,3,False,AgenteAleatorio1,54333,8,PLANTARSE,0,None,0.0
21,True,398,2,False,AgenteAleatorio1,54333,9,RENDIRSE,-199,None,-0.5
21,True,515,2,False,AgenteAleatorio1,54134,11,RENDIRSE,-257,None,-0.49902912621359224
18,False,231,2,False,AgenteAleatorio1,53876,10,RENDIRSE,-115,None,-0.49783549783549785
15,False,225,2,False,AgenteAleatorio1,53760,10,DOBLAR,-450,None,-2.0
9,False,79,2,False,AgenteAleatorio1,53310,10,PEDIR,-79,None,-1.0
19,False,79,3,False,AgenteAleatorio1,53310,10,DOBLAR,-79,None,-1.0
12,False,319,2,False,AgenteAleatorio1,53231,8,RENDIRSE,-159,None,-0.49843260188087773
17,False,249,2,False,AgenteAleatorio1,53071,8,DIVIDIR,-249,None,-1.0
18,False,410,2,False,AgenteAleatorio1,52822,6,PLANTARSE,410,None,1.0
20,False,223,2,True,AgenteAleatorio1,52822,7,PEDIR,-223,None,-1.0
13,False,137,2,False,AgenteAleatorio1,52599,3,PLANTARSE,-137,None,-1.0
19,False,171,2,False,AgenteAleatorio1,52462,8,RENDIRSE,-85,None,-0.49707602339181284
16,False,346,2,False,AgenteAleatorio1,52376,10,PEDIR,-346,None,-1.0
10,False,471,2,False,AgenteAleatorio1,52030,4,PLANTARSE,471,None,1.0
9,False,330,2,False,AgenteAleatorio1,52501,5,PLANTARSE,-330,None,-1.0
20,False,85,2,True,AgenteAleatorio1,52171,10,RENDIRSE,-42,None,-0.49411764705882355
16,False,448,2,False,AgenteAleatorio1,52128,9,DIVIDIR,448,None,1.0
7,False,425,2,False,AgenteAleatorio1,52576,10,RENDIRSE,-212,None,-0.4988235294117647
20,False,289,2,True,AgenteAleatorio1,52363,6,PEDIR,-289,None,-1.0
20,False,259,2,True,AgenteAleatorio1,52074,10,DOBLAR,-518,None,-2.0
9,False,370,2,False,AgenteAleatorio1,51556,10,DOBLAR,740,None,2.0
15,False,490,2,False,AgenteAleatorio1,51556,8,DOBLAR,-980,None,-2.0
14,False,215,2,False,AgenteAleatorio1,50576,5,DIVIDIR,215,None,1.0
20,False,86,2,True,AgenteAleatorio1,50791,3,RENDIRSE,-43,None,-0.5
19,True,204,2,False,AgenteAleatorio1,50748,10,PEDIR,0,None,0.0
17,False,204,3,False,AgenteAleatorio1,50748,10,DIVIDIR,0,None,0.0
20,True,175,2,False,AgenteAleatorio1,50748,4,PLANTARSE,175,None,1.0
12,False,272,2,False,AgenteAleatorio1,50748,10,PLANTARSE,-272,None,-1.0
12,False,125,2,False,AgenteAleatorio1,50476,10,DOBLAR,250,None,2.0
12,False,447,2,False,AgenteAleatorio1,50726,7,DIVIDIR,-447,None,-1.0
19,False,240,2,False,AgenteAleatorio1,50279,10,PEDIR,-240,None,-1.0
14,False,298,2,False,AgenteAleatorio1,50039,6,DOBLAR,-596,None,-2.0
12,False,456,2,False,AgenteAleatorio1,49443,10,DOBLAR,-912,None,-2.0
13,False,432,2,False,AgenteAleatorio1,48531,10,PEDIR,-432,None,-1.0
17,False,227,2,False,AgenteAleatorio1,48099,3,PEDIR,227,None,1.0
20,False,227,3,False,AgenteAleatorio1,48099,3,DIVIDIR,227,None,1.0
12,False,385,2,True,AgenteAleatorio1,48099,5,DOBLAR,0,None,0.0
14,False,368,2,False,AgenteAleatorio1,48099,2,PLANTARSE,-368,None,-1.0
19,True,216,2,False,AgenteAleatorio1,47731,4,DOBLAR,432,None,2.0
10,False,182,2,False,AgenteAleatorio1,48163,7,PEDIR,-182,None,-1.0
14,False,182,3,False,AgenteAleatorio1,48163,7,DOBLAR,-182,None,-1.0
16,False,420,2,False,AgenteAleatorio1,47981,10,DOBLAR,840,None,2.0
15,False,334,2,False,AgenteAleatorio1,48821,4,RENDIRSE,-167,None,-0.5
13,False,109,2,False,AgenteAleatorio1,48654,11,DOBLAR,-218,None,-2.0
16,False,360,2,False,AgenteAleatorio1,48436,9,DIVIDIR,-360,None,-1.0
14,False,183,2,False,AgenteAleatorio1,48076,10,DIVIDIR,-183,None,-1.0
16,True,154,2,False,AgenteAleatorio1,47893,10,PEDIR,-154,None,-1.0
15,False,154,3,False,AgenteAleatorio1,47893,10,PEDIR,-154,None,-1.0
11,False,15,2,False,AgenteAleatorio1,47739,10,RENDIRSE,-7,None,-0.4666666666666667
18,False,463,2,False,AgenteAleatorio1,47731,3,PLANTARSE,0,None,0.0
18,False,81,2,False,AgenteAleatorio1,47731,2,DOBLAR,-162,None,-2.0
8,False,309,2,False,AgenteAleatorio1,47569,11,DIVIDIR,309,None,1.0
12,False,437,2,False,AgenteAleatorio1,47878,4,DOBLAR,-874,None,-2.0
13,False,144,2,False,AgenteAleatorio1,47004,7,DOBLAR,288,None,2.0
20,False,426,2,True,AgenteAleatorio1,47004,10,PEDIR,426,None,1.0
21,False,426,3,False,AgenteAleatorio1,47004,10,DIVIDIR,426,None,1.0
8,False,252,2,False,AgenteAleatorio1,47004,9,DIVIDIR,-252,None,-1.0
16,False,141,2,False,AgenteAleatorio1,46752,11,PLANTARSE,-141,None,-1.0
12,False,231,2,False,AgenteAleatorio1,46611,2,DOBLAR,-462,None,-2.0
21,True,409,2,False,AgenteAleatorio1,46149,8,DIVIDIR,-65,None,-0.15892420537897312
13,False,157,2,False,AgenteAleatorio1,46762,10,PLANTARSE,-157,None,-1.0
13,False,130,2,False,AgenteAleatorio1,46605,4,RENDIRSE,-65,None,-0.5
14,False,142,2,False,AgenteAleatorio1,46540,3,PEDIR,-142,None,-1.0
18,False,142,3,False,AgenteAleatorio1,46540,3,PLANTARSE,-142,None,-1.0
13,False,311,2,False,AgenteAleatorio1,46398,10,RENDIRSE,-155,None,-0.4983922829581994
16,False,455,2,False,AgenteAleatorio1,46242,4,PEDIR,-455,None,-1.0
20,False,301,2,True,AgenteAleatorio1,45787,5,PLANTARSE,301,None,1.0
12,False,105,2,False,AgenteAleatorio1,46088,10,DIVIDIR,-105,None,-1.0
8,False,266,2,False,AgenteAleatorio1,45983,10,DOBLAR,-532,None,-2.0
20,False,316,2,True,AgenteAleatorio1,45451,5,DOBLAR,-632,None,-2.0
15,False,296,2,False,AgenteAleatorio1,44819,7,DIVIDIR,-296,None,-1.0
19,False,34,2,False,AgenteAleatorio1,44523,2,PLANTARSE,34,None,1.0
6,False,86,2,True,AgenteAleatorio1,44523,10,DOBLAR,-172,None,-2.0
19,True,125,2,False,AgenteAleatorio1,44351,10,DOBLAR,-250,None,-2.0
21,True,159,2,False,AgenteAleatorio1,44101,4,RENDIRSE,-79,None,-0.4968553459119497
14,False,397,2,False,AgenteAleatorio1,44021,3,RENDIRSE,-198,None,-0.4987405541561713
19,False,279,2,False,AgenteAleatorio1,43822,3,PEDIR,-279,None,-1.0
11,False,9,2,False,AgenteAleatorio1,43543,6,DOBLAR,-18,None,-2.0
9,False,152,2,False,AgenteAleatorio1,43525,8,PLANTARSE,-152,None,-1.0
20,False,304,2,True,AgenteAleatorio1,43373,2,DIVIDIR,-304,None,-1.0
17,False,304,2,False,AgenteAleatorio1,43069,2,PEDIR,-304,None,-1.0
20,False,304,2,True,AgenteAleatorio1,43069,2,DOBLAR,-608,None,-2.0
12,False,137,2,False,AgenteAleatorio1,42461,4,PEDIR,137,None,1.0
19,False,137,3,False,AgenteAleatorio1,42461,4,DIVIDIR,137,None,1.0
9,False,145,2,False,AgenteAleatorio1,42461,10,DOBLAR,-290,None,-2.0
8,False,264,2,False,AgenteAleatorio1,42171,11,PEDIR,-264,None,-1.0
18,False,264,3,False,AgenteAleatorio1,42171,11,RENDIRSE,-264,None,-1.0
14,False,405,2,False,AgenteAleatorio1,41907,8,DOBLAR,810,None,2.0
16,False,189,2,False,AgenteAleatorio1,41907,2,PLANTARSE,-189,None,-1.0
20,False,292,2,True,AgenteAleatorio1,41718,7,PLANTARSE,292,None,1.0
16,False,45,2,False,AgenteAleatorio1,41718,6,PEDIR,-45,None,-1.0
21,False,45,3,False,AgenteAleatorio1,41718,6,PEDIR,-45,None,-1.0
14,False,395,2,False,AgenteAleatorio1,41673,7,RENDIRSE,-197,None,-0.49873417721518987
12,False,198,2,False,AgenteAleatorio1,41475,10,DOBLAR,-396,None,-2.0
7,False,67,2,False,AgenteAleatorio1,41079,4,PLANTARSE,67,None,1.0
12,False,43,2,False,AgenteAleatorio1,41146,7,PLANTARSE,-43,None,-1.0
13,False,310,2,False,AgenteAleatorio1,41103,9,DOBLAR,-620,None,-2.0
21,True,70,2,False,AgenteAleatorio1,40483,10,RENDIRSE,-35,None,-0.5
16,False,215,2,False,AgenteAleatorio1,40448,6,DOBLAR,-430,None,-2.0
14,False,81,2,False,AgenteAleatorio1,40018,8,RENDIRSE,-40,None,-0.49382716049382713
16,False,45,2,False,AgenteAleatorio1,39977,6,PLANTARSE,45,None,1.0
17,False,226,2,False,AgenteAleatorio1,40022,9,DOBLAR,-452,None,-2.0
20,False,387,2,True,AgenteAleatorio1,39570,9,PEDIR,-387,None,-1.0
16,False,16,2,True,AgenteAleatorio1,39183,8,DOBLAR,32,None,2.0
8,False,70,2,False,AgenteAleatorio1,39183,5,PLANTARSE,70,None,1.0
8,False,61,2,False,AgenteAleatorio1,39253,3,DIVIDIR,61,None,1.0
20,False,265,2,True,AgenteAleatorio1,39314,10,PLANTARSE,265,None,1.0
10,False,49,2,False,AgenteAleatorio1,39579,11,PLANTARSE,-49,None,-1.0
21,True,385,2,False,AgenteAleatorio1,39530,10,PEDIR,-385,None,-1.0
16,False,385,3,False,AgenteAleatorio1,39530,10,PEDIR,-385,None,-1.0
18,False,385,4,False,AgenteAleatorio1,39530,10,PEDIR,-385,None,-1.0
6,False,230,2,False,AgenteAleatorio1,39145,9,RENDIRSE,-115,None,-0.5
19,False,27,2,False,AgenteAleatorio1,39030,4,PEDIR,27,None,1.0
21,False,27,3,False,AgenteAleatorio1,39030,4,RENDIRSE,27,None,1.0
21,True,388,2,False,AgenteAleatorio1,39057,6,PEDIR,-388,None,-1.0
21,False,388,3,False,AgenteAleatorio1,39057,6,PEDIR,-388,None,-1.0
19,False,94,2,False,AgenteAleatorio1,38669,5,PLANTARSE,94,None,1.0
20,False,263,2,True,AgenteAleatorio1,38669,10,RENDIRSE,-131,None,-0.49809885931558934
17,False,203,2,False,AgenteAleatorio1,38537,6,PLANTARSE,-203,None,-1.0
20,False,246,2,True,AgenteAleatorio1,38334,2,DIVIDIR,-492,None,-2.0
14,False,246,2,False,AgenteAleatorio1,38088,2,DOBLAR,-492,None,-2.0
12,False,246,2,False,AgenteAleatorio1,37842,2,DOBLAR,-492,None,-2.0
6,False,162,2,True,AgenteAleatorio1,37350,4,PLANTARSE,162,None,1.0
21,True,103,2,False,AgenteAleatorio1,37512,11,PLANTARSE,-76,None,-0.7378640776699029
15,False,64,2,False,AgenteAleatorio1,37666,8,DIVIDIR,-64,None,-1.0
13,False,153,2,False,AgenteAleatorio1,37602,10,RENDIRSE,-76,None,-0.49673202614379086
11,False,316,2,False,AgenteAleatorio1,37525,2,PEDIR,-316,None,-1.0
12,False,316,3,False,AgenteAleatorio1,37525,2,PLANTARSE,-316,None,-1.0
16,False,343,2,False,AgenteAleatorio1,37209,10,DIVIDIR,343,None,1.0
7,False,15,2,False,AgenteAleatorio1,37552,2,DOBLAR,-30,None,-2.0
16,False,133,2,False,AgenteAleatorio1,37522,10,DIVIDIR,133,None,1.0
11,False,132,2,False,AgenteAleatorio1,37655,10,PEDIR,132,None,1.0
21,False,132,3,False,AgenteAleatorio1,37655,10,DOBLAR,132,None,1.0
20,False,366,2,True,AgenteAleatorio1,37655,10,RENDIRSE,-183,None,-0.5
12,False,116,2,False,AgenteAleatorio1,37472,11,PEDIR,-116,None,-1.0
13,False,116,3,False,AgenteAleatorio1,37472,11,DOBLAR,-116,None,-1.0
18,False,324,2,False,AgenteAleatorio1,37356,11,PLANTARSE,-324,None,-1.0
16,False,216,2,False,AgenteAleatorio1,37032,4,PLANTARSE,-216,None,-1.0
18,False,174,2,False,AgenteAleatorio1,36816,8,RENDIRSE,-87,None,-0.5
16,False,135,2,False,AgenteAleatorio1,36729,8,DIVIDIR,-135,None,-1.0
14,False,304,2,False,AgenteAleatorio1,36594,3,DOBLAR,-608,None,-2.0
10,False,178,2,False,AgenteAleatorio1,35986,6,DOBLAR,356,None,2.0
14,False,20,2,False,AgenteAleatorio1,36342,6,DOBLAR,-40,None,-2.0
21,True,116,2,False,AgenteAleatorio1,36302,4,DOBLAR,-232,None,-2.0
20,False,197,2,True,AgenteAleatorio1,36070,8,PEDIR,-197,None,-1.0
12,False,210,2,False,AgenteAleatorio1,35873,10,PLANTARSE,-210,None,-1.0
15,False,128,2,False,AgenteAleatorio1,35663,9,PLANTARSE,-128,None,-1.0
11,False,186,2,False,AgenteAleatorio1,35535,9,DIVIDIR,-186,None,-1.0
18,True,71,2,False,AgenteAleatorio1,35349,7,DIVIDIR,71,None,1.0
14,False,6,2,False,AgenteAleatorio1,35349,9,DOBLAR,-12,None,-2.0
13,False,261,2,False,AgenteAleatorio1,35337,9,PEDIR,-261,None,-1.0
15,False,171,2,False,AgenteAleatorio1,35076,10,PLANTARSE,-171,None,-1.0
6,False,206,2,False,AgenteAleatorio1,34905,2,PEDIR,206,None,1.0
16,False,206,3,False,AgenteAleatorio1,34905,2,PEDIR,206,None,1.0
19,False,206,4,False,AgenteAleatorio1,34905,2,PLANTARSE,206,None,1.0
19,False,112,2,False,AgenteAleatorio1,34905,2,PLANTARSE,0,None,0.0
11,False,181,2,False,AgenteAleatorio1,34905,5,RENDIRSE,-90,None,-0.4972375690607735
15,False,243,2,False,AgenteAleatorio1,34814,6,PLANTARSE,243,None,1.0
14,False,102,2,False,AgenteAleatorio1,35057,10,RENDIRSE,-51,None,-0.5
11,False,338,2,False,AgenteAleatorio1,35006,5,RENDIRSE,-169,None,-0.5
20,False,288,2,True,AgenteAleatorio1,34837,11,DOBLAR,-576,None,-2.0
8,False,325,2,False,AgenteAleatorio1,34261,10,PLANTARSE,-325,None,-1.0
5,False,142,2,False,AgenteAleatorio1,33936,10,DOBLAR,-284,None,-2.0
8,False,62,2,False,AgenteAleatorio1,33652,11,RENDIRSE,-31,None,-0.5
10,False,236,2,False,AgenteAleatorio1,33621,2,DOBLAR,472,None,2.0
6,False,82,2,False,AgenteAleatorio1,34093,10,DOBLAR,-164,None,-2.0
20,False,313,2,True,AgenteAleatorio1,33929,10,RENDIRSE,-156,None,-0.4984025559105431
20,False,272,2,True,AgenteAleatorio1,33772,10,PLANTARSE,0,None,0.0
19,False,9,2,False,AgenteAleatorio1,33772,10,PLANTARSE,-9,None,-1.0
16,False,244,2,False,AgenteAleatorio1,33763,8,PLANTARSE,244,None,1.0
19,False,141,2,False,AgenteAleatorio1,34007,7,RENDIRSE,-70,None,-0.49645390070921985
20,False,98,2,True,AgenteAleatorio1,33936,2,PLANTARSE,98,None,1.0
17,True,215,2,False,AgenteAleatorio1,33936,6,DOBLAR,430,None,2.0
11,False,71,2,False,AgenteAleatorio1,34366,10,DOBLAR,-142,None,-2.0
19,True,103,2,False,AgenteAleatorio1,34224,9,PEDIR,-103,None,-1.0
12,False,103,3,False,AgenteAleatorio1,34224,9,RENDIRSE,-103,None,-1.0
21,True,67,2,False,AgenteAleatorio1,34121,10,DIVIDIR,-248,None,-3.701492537313433
12,False,320,2,False,AgenteAleatorio1,34221,10,DOBLAR,-640,None,-2.0
13,False,248,2,False,AgenteAleatorio1,33581,8,PLANTARSE,-248,None,-1.0
20,True,298,2,False,AgenteAleatorio1,33333,10,PEDIR,-298,None,-1.0
17,False,298,3,False,AgenteAleatorio1,33333,10,PEDIR,-298,None,-1.0
20,False,267,2,True,AgenteAleatorio1,33035,10,DOBLAR,-534,None,-2.0
18,False,170,2,False,AgenteAleatorio1,32501,7,PEDIR,-170,None,-1.0
16,False,27,2,False,AgenteAleatorio1,32331,10,RENDIRSE,-13,None,-0.48148148148148145
7,False,97,2,False,AgenteAleatorio1,32317,6,DIVIDIR,-97,None,-1.0
14,False,2,2,False,AgenteAleatorio1,32220,2,PEDIR,-2,None,-1.0
10,False,163,2,False,AgenteAleatorio1,32218,10,PLANTARSE,163,None,1.0
15,True,78,2,False,AgenteAleatorio1,32381,10,DIVIDIR,-78,None,-1.0
21,True,68,2,False,AgenteAleatorio1,32303,5,RENDIRSE,-34,None,-0.5
15,True,135,2,False,AgenteAleatorio1,32269,7,PEDIR,135,None,1.0
19,True,135,3,False,AgenteAleatorio1,32269,7,RENDIRSE,135,None,1.0
18,False,116,2,False,AgenteAleatorio1,32269,9,DIVIDIR,116,None,1.0
6,False,282,2,True,AgenteAleatorio1,32269,11,PLANTARSE,-282,None,-1.0
15,False,175,2,False,AgenteAleatorio1,31987,8,PEDIR,-175,None,-1.0
17,False,48,2,False,AgenteAleatorio1,31812,2,PEDIR,-48,None,-1.0
12,False,111,2,False,AgenteAleatorio1,31764,6,RENDIRSE,-55,None,-0.4954954954954955
20,False,245,2,True,AgenteAleatorio1,31708,10,DIVIDIR,-122,None,-0.49795918367346936
15,False,245,2,False,AgenteAleatorio1,31463,10,RENDIRSE,-122,None,-0.49795918367346936
19,False,288,2,False,AgenteAleatorio1,31585,10,DOBLAR,-576,None,-2.0
14,False,289,2,False,AgenteAleatorio1,31009,2,PEDIR,289,None,1.0
18,False,289,3,False,AgenteAleatorio1,31009,2,PLANTARSE,289,None,1.0
18,False,286,2,False,AgenteAleatorio1,31298,7,PEDIR,-286,None,-1.0
13,False,295,2,False,AgenteAleatorio1,31012,10,DIVIDIR,-295,None,-1.0
14,True,78,2,False,AgenteAleatorio1,30717,10,PLANTARSE,-78,None,-1.0
9,False,51,2,False,AgenteAleatorio1,30639,2,PEDIR,-51,None,-1.0
19,False,51,3,False,AgenteAleatorio1,30639,2,PEDIR,-51,None,-1.0
20,False,214,2,True,AgenteAleatorio1,30588,10,DOBLAR,-428,None,-2.0
21,True,23,2,False,AgenteAleatorio1,30160,4,PEDIR,-23,None,-1.0
13,False,23,3,False,AgenteAleatorio1,30160,4,RENDIRSE,-23,None,-1.0
14,False,22,2,False,AgenteAleatorio1,30137,3,DOBLAR,-44,None,-2.0
13,False,184,2,False,AgenteAleatorio1,30093,10,RENDIRSE,-92,None,-0.5
20,False,168,2,True,AgenteAleatorio1,30001,7,PEDIR,-168,None,-1.0
21,True,268,2,False,AgenteAleatorio1,29833,10,RENDIRSE,-134,None,-0.5
20,False,37,2,True,AgenteAleatorio1,29699,11,PEDIR,-37,None,-1.0
10,False,87,2,False,AgenteAleatorio1,29662,10,RENDIRSE,-43,None,-0.4942528735632184
15,False,12,2,False,AgenteAleatorio1,29618,5,RENDIRSE,-6,None,-0.5
20,True,152,2,False,AgenteAleatorio1,29612,4,RENDIRSE,-76,None,-0.5
17,False,174,2,False,AgenteAleatorio1,29536,10,PLANTARSE,0,None,0.0
19,False,105,2,False,AgenteAleatorio1,29536,7,PEDIR,-105,None,-1.0
14,False,171,2,False,AgenteAleatorio1,29431,10,DOBLAR,342,None,2.0
10,False,101,2,False,AgenteAleatorio1,29773,10,RENDIRSE,-50,None,-0.49504950495049505
12,False,229,2,False,AgenteAleatorio1,29722,3,PLANTARSE,-229,None,-1.0
7,False,250,2,False,AgenteAleatorio1,29493,9,DOBLAR,-500,None,-2.0
11,False,185,2,False,AgenteAleatorio1,28993,10,DOBLAR,370,None,2.0
7,False,258,2,False,AgenteAleatorio1,28993,11,DIVIDIR,-258,None,-1.0
13,False,70,2,False,AgenteAleatorio1,28735,11,RENDIRSE,-35,None,-0.5
18,False,192,2,False,AgenteAleatorio1,28700,11,PEDIR,-192,None,-1.0
12,False,14,2,True,AgenteAleatorio1,28508,9,PLANTARSE,14,None,1.0
18,False,124,2,False,AgenteAleatorio1,28522,4,PEDIR,-124,None,-1.0
19,False,266,2,False,AgenteAleatorio1,28398,5,DIVIDIR,266,None,1.0
17,False,212,2,False,AgenteAleatorio1,28664,2,RENDIRSE,-106,None,-0.5
20,False,167,2,True,AgenteAleatorio1,28558,10,RENDIRSE,-83,None,-0.49700598802395207
14,True,26,2,False,AgenteAleatorio1,28474,3,RENDIRSE,-13,None,-0.5
19,False,128,2,False,AgenteAleatorio1,28461,8,RENDIRSE,-64,None,-0.5
17,False,204,2,False,AgenteAleatorio1,28397,2,PLANTARSE,-204,None,-1.0
18,False,94,2,False,AgenteAleatorio1,28193,5,RENDIRSE,-47,None,-0.5
17,True,160,2,False,AgenteAleatorio1,28146,3,PLANTARSE,-160,None,-1.0
12,False,139,2,False,AgenteAleatorio1,27986,10,PLANTARSE,139,None,1.0
19,False,225,2,False,AgenteAleatorio1,28125,2,DOBLAR,-450,None,-2.0
18,False,100,2,False,AgenteAleatorio1,27675,6,PEDIR,-100,None,-1.0
7,False,200,2,False,AgenteAleatorio1,27575,8,PLANTARSE,-200,None,-1.0
19,False,10,2,False,AgenteAleatorio1,27375,4,PEDIR,-10,None,-1.0
13,False,34,2,False,AgenteAleatorio1,27365,7,PEDIR,-34,None,-1.0
13,False,88,2,False,AgenteAleatorio1,27331,10,DIVIDIR,-88,None,-1.0
19,True,265,2,False,AgenteAleatorio1,27243,2,PLANTARSE,0,None,0.0
16,False,164,2,False,AgenteAleatorio1,27243,4,PLANTARSE,-164,None,-1.0
15,False,191,2,False,AgenteAleatorio1,27079,10,PLANTARSE,-191,None,-1.0
10,False,135,2,False,AgenteAleatorio1,26888,10,DIVIDIR,-135,None,-1.0
18,False,35,2,False,AgenteAleatorio1,26753,9,DOBLAR,-70,None,-2.0
10,False,111,2,False,AgenteAleatorio1,26683,6,RENDIRSE,-55,None,-0.4954954954954955
14,False,53,2,False,AgenteAleatorio1,26627,8,DIVIDIR,53,None,1.0
11,False,193,2,False,AgenteAleatorio1,26680,11,DIVIDIR,193,None,1.0
13,False,86,2,False,AgenteAleatorio1,26873,6,PLANTARSE,-86,None,-1.0
8,False,219,2,False,AgenteAleatorio1,26787,10,DOBLAR,-438,None,-2.0
16,False,79,2,False,AgenteAleatorio1,26349,10,PLANTARSE,-79,None,-1.0
9,False,190,2,False,AgenteAleatorio1,26270,10,RENDIRSE,-95,None,-0.5
15,False,191,2,False,AgenteAleatorio1,26175,6,PEDIR,191,None,1.0
19,False,191,3,False,AgenteAleatorio1,26175,6,RENDIRSE,191,None,1.0
13,False,1,2,False,AgenteAleatorio1,26366,10,DIVIDIR,-1,None,-1.0
19,False,216,2,False,AgenteAleatorio1,26365,10,DIVIDIR,216,None,1.0
18,False,51,2,False,AgenteAleatorio1,26581,11,PEDIR,-51,None,-1.0
21,True,185,2,False,AgenteAleatorio1,26530,10,PEDIR,-185,None,-1.0
12,False,185,3,False,AgenteAleatorio1,26530,10,RENDIRSE,-185,None,-1.0
20,False,21,2,True,AgenteAleatorio1,26345,10,PLANTARSE,21,None,1.0
11,False,208,2,False,AgenteAleatorio1,26366,4,DIVIDIR,-208,None,-1.0
10,False,105,2,False,AgenteAleatorio1,26158,3,RENDIRSE,-52,None,-0.49523809523809526
15,False,190,2,False,AgenteAleatorio1,26105,7,PLANTARSE,-190,None,-1.0
14,False,172,2,True,AgenteAleatorio1,25915,3,PEDIR,-172,None,-1.0
16,False,172,3,False,AgenteAleatorio1,25915,3,DOBLAR,-172,None,-1.0
15,False,209,2,False,AgenteAleatorio1,25743,11,RENDIRSE,-104,None,-0.49760765550239233
20,False,230,2,True,AgenteAleatorio1,25638,7,PEDIR,-230,None,-1.0
16,True,233,2,False,AgenteAleatorio1,25408,4,DOBLAR,-466,None,-2.0
19,True,45,2,False,AgenteAleatorio1,24942,4,PLANTARSE,45,None,1.0
8,False,78,2,False,AgenteAleatorio1,24987,6,DOBLAR,-156,None,-2.0
16,False,67,2,False,AgenteAleatorio1,24831,10,PEDIR,-67,None,-1.0
15,False,232,2,False,AgenteAleatorio1,24764,10,DIVIDIR,-232,None,-1.0
12,False,94,2,False,AgenteAleatorio1,24532,6,DOBLAR,0,None,0.0
16,False,75,2,False,AgenteAleatorio1,24532,8,PEDIR,-75,None,-1.0
19,False,94,2,False,AgenteAleatorio1,24457,2,RENDIRSE,-47,None,-0.5
12,False,191,2,False,AgenteAleatorio1,24410,4,DIVIDIR,191,None,1.0
20,False,102,2,True,AgenteAleatorio1,24601,10,PLANTARSE,0,None,0.0
5,False,123,2,False,AgenteAleatorio1,24601,10,PLANTARSE,-123,None,-1.0
15,False,195,2,False,AgenteAleatorio1,24478,8,RENDIRSE,-97,None,-0.49743589743589745
15,True,147,2,False,AgenteAleatorio1,24380,2,DOBLAR,294,None,2.0
12,False,40,2,False,AgenteAleatorio1,24674,7,PLANTARSE,-40,None,-1.0
15,False,6,2,False,AgenteAleatorio1,24634,9,RENDIRSE,-3,None,-0.5
20,False,170,2,True,AgenteAleatorio1,24631,10,RENDIRSE,-85,None,-0.5
17,False,147,2,False,AgenteAleatorio1,24546,11,PEDIR,-147,None,-1.0
20,False,200,2,True,AgenteAleatorio1,24399,2,PLANTARSE,200,None,1.0
21,True,66,2,False,AgenteAleatorio1,24399,10,DOBLAR,132,None,2.0
21,True,209,2,False,AgenteAleatorio1,24531,6,DIVIDIR,104,None,0.49760765550239233
7,False,149,2,False,AgenteAleatorio1,24844,8,DOBLAR,-298,None,-2.0
19,False,104,2,False,AgenteAleatorio1,24546,10,DIVIDIR,104,None,1.0
11,False,86,2,False,AgenteAleatorio1,24546,3,DOBLAR,-172,None,-2.0
15,False,129,2,False,AgenteAleatorio1,24374,11,RENDIRSE,-64,None,-0.49612403100775193
20,True,199,2,False,AgenteAleatorio1,24309,5,DIVIDIR,199,None,1.0
10,False,100,2,False,AgenteAleatorio1,24309,10,RENDIRSE,-50,None,-0.5
18,False,77,2,False,AgenteAleatorio1,24259,2,PEDIR,-77,None,-1.0
11,False,145,2,False,AgenteAleatorio1,24182,9,DOBLAR,290,None,2.0
17,False,237,2,False,AgenteAleatorio1,24182,5,DIVIDIR,237,None,1.0
17,True,92,2,False,AgenteAleatorio1,24419,7,PLANTARSE,92,None,1.0
16,False,28,2,False,AgenteAleatorio1,24511,10,PLANTARSE,-28,None,-1.0
20,False,5,2,True,AgenteAleatorio1,24483,10,DIVIDIR,5,None,1.0
20,False,5,2,True,AgenteAleatorio1,24478,10,DIVIDIR,5,None,1.0
19,False,5,2,False,AgenteAleatorio1,24473,10,DIVIDIR,5,None,1.0
15,False,5,2,False,AgenteAleatorio1,24473,10,PEDIR,-5,None,-1.0
20,False,5,2,True,AgenteAleatorio1,24473,10,DOBLAR,-10,None,-2.0
13,False,93,2,False,AgenteAleatorio1,24473,10,PLANTARSE,-93,None,-1.0
12,False,49,2,True,AgenteAleatorio1,24380,7,RENDIRSE,-24,None,-0.4897959183673469
12,False,167,2,False,AgenteAleatorio1,24355,2,PEDIR,167,None,1.0
19,False,167,3,False,AgenteAleatorio1,24355,2,RENDIRSE,167,None,1.0
7,False,234,2,False,AgenteAleatorio1,24355,10,DIVIDIR,234,None,1.0
15,False,229,2,False,AgenteAleatorio1,24589,10,PLANTARSE,-229,None,-1.0
15,False,150,2,False,AgenteAleatorio1,24360,3,DOBLAR,300,None,2.0
17,False,198,2,False,AgenteAleatorio1,24360,10,DOBLAR,396,None,2.0
20,False,18,2,True,AgenteAleatorio1,24360,11,DIVIDIR,18,None,1.0
16,False,18,2,False,AgenteAleatorio1,24342,11,PLANTARSE,18,None,1.0
20,False,18,2,True,AgenteAleatorio1,24342,11,DIVIDIR,-36,None,-2.0
15,False,18,2,False,AgenteAleatorio1,24324,11,DOBLAR,-36,None,-2.0
12,False,18,2,False,AgenteAleatorio1,24306,11,PLANTARSE,18,None,1.0
14,False,175,2,False,AgenteAleatorio1,24360,10,RENDIRSE,-87,None,-0.49714285714285716
14,True,122,2,False,AgenteAleatorio1,24272,10,PLANTARSE,-122,None,-1.0
21,True,137,2,False,AgenteAleatorio1,24150,6,DOBLAR,274,None,2.0
13,False,70,2,False,AgenteAleatorio1,24424,6,DIVIDIR,70,None,1.0
13,False,172,2,False,AgenteAleatorio1,24494,10,PLANTARSE,-172,None,-1.0
12,False,57,2,False,AgenteAleatorio1,24322,11,PLANTARSE,-57,None,-1.0
8,False,206,2,False,AgenteAleatorio1,24265,10,PEDIR,206,None,1.0
18,False,206,3,False,AgenteAleatorio1,24265,10,DOBLAR,206,None,1.0
16,False,43,2,True,AgenteAleatorio1,24265,8,RENDIRSE,-21,None,-0.4883720930232558
14,False,86,2,False,AgenteAleatorio1,24243,10,PLANTARSE,-86,None,-1.0
16,False,50,2,False,AgenteAleatorio1,24157,5,DOBLAR,100,None,2.0
18,False,218,2,True,AgenteAleatorio1,24257,9,DOBLAR,436,None,2.0
14,False,218,2,False,AgenteAleatorio1,24257,11,DIVIDIR,-218,None,-1.0
19,False,166,2,False,AgenteAleatorio1,24039,4,PLANTARSE,-166,None,-1.0
14,False,113,2,False,AgenteAleatorio1,23873,4,DOBLAR,226,None,2.0
16,False,74,2,False,AgenteAleatorio1,24099,7,PEDIR,-74,None,-1.0
9,False,52,2,False,AgenteAleatorio1,24025,10,PLANTARSE,-52,None,-1.0
9,False,232,2,False,AgenteAleatorio1,23973,10,PEDIR,-232,None,-1.0
14,False,232,3,False,AgenteAleatorio1,23973,10,PLANTARSE,-232,None,-1.0
7,False,26,2,False,AgenteAleatorio1,23741,6,DIVIDIR,-26,None,-1.0
14,False,79,2,True,AgenteAleatorio1,23715,6,DOBLAR,158,None,2.0
20,False,222,2,True,AgenteAleatorio1,23873,8,DOBLAR,-444,None,-2.0
11,False,53,2,False,AgenteAleatorio1,23429,10,DOBLAR,106,None,2.0
16,False,29,2,False,AgenteAleatorio1,23535,4,RENDIRSE,-14,None,-0.4827586206896552
19,True,176,2,False,AgenteAleatorio1,23520,9,RENDIRSE,-88,None,-0.5
5,False,208,2,False,AgenteAleatorio1,23432,2,RENDIRSE,-104,None,-0.5
11,False,226,2,False,AgenteAleatorio1,23328,4,DOBLAR,-452,None,-2.0
14,False,73,2,False,AgenteAleatorio1,22876,10,PEDIR,-73,None,-1.0
15,False,73,3,False,AgenteAleatorio1,22876,10,DIVIDIR,-73,None,-1.0
15,False,63,2,False,AgenteAleatorio1,22803,10,PEDIR,-63,None,-1.0
20,False,63,3,False,AgenteAleatorio1,22803,10,PEDIR,-63,None,-1.0
17,False,124,2,False,AgenteAleatorio1,22740,5,PEDIR,-124,None,-1.0
8,False,167,2,False,AgenteAleatorio1,22616,10,DIVIDIR,-167,None,-1.0
15,False,210,2,False,AgenteAleatorio1,22449,10,RENDIRSE,-105,None,-0.5
20,False,115,2,True,AgenteAleatorio1,22344,10,RENDIRSE,-57,None,-0.4956521739130435
18,False,167,2,False,AgenteAleatorio1,22286,8,DOBLAR,-334,None,-2.0
15,False,196,2,False,AgenteAleatorio1,21952,10,PEDIR,-196,None,-1.0
14,True,178,2,False,AgenteAleatorio1,21756,7,PEDIR,-178,None,-1.0
14,False,178,3,False,AgenteAleatorio1,21756,7,PEDIR,-178,None,-1.0
17,False,195,2,False,AgenteAleatorio1,21578,5,PLANTARSE,-195,None,-1.0
5,False,73,2,False,AgenteAleatorio1,21383,10,DOBLAR,-146,None,-2.0
11,False,27,2,False,AgenteAleatorio1,21237,5,DOBLAR,54,None,2.0
12,False,55,2,False,AgenteAleatorio1,21291,2,PLANTARSE,-55,None,-1.0
19,False,130,2,False,AgenteAleatorio1,21236,5,PLANTARSE,-130,None,-1.0
18,False,145,2,False,AgenteAleatorio1,21106,9,PEDIR,-145,None,-1.0
19,False,145,3,False,AgenteAleatorio1,21106,9,PEDIR,-145,None,-1.0
12,False,23,2,False,AgenteAleatorio1,20961,5,RENDIRSE,-11,None,-0.4782608695652174
18,False,123,2,False,AgenteAleatorio1,20949,4,DOBLAR,-246,None,-2.0
14,False,85,2,False,AgenteAleatorio1,20703,6,PLANTARSE,85,None,1.0
15,True,135,2,False,AgenteAleatorio1,20788,6,DOBLAR,-270,None,-2.0
10,False,13,2,False,AgenteAleatorio1,20518,8,DOBLAR,26,None,2.0
17,False,91,2,False,AgenteAleatorio1,20518,10,PEDIR,-91,None,-1.0
21,True,69,2,False,AgenteAleatorio1,20427,10,PEDIR,-69,None,-1.0
13,False,69,3,False,AgenteAleatorio1,20427,10,DOBLAR,-69,None,-1.0
9,False,41,2,False,AgenteAleatorio1,20358,3,PLANTARSE,41,None,1.0
20,False,180,2,True,AgenteAleatorio1,20399,5,PLANTARSE,-180,None,-1.0
13,False,94,2,False,AgenteAleatorio1,20219,4,PEDIR,-94,None,-1.0
15,False,94,3,False,AgenteAleatorio1,20219,4,PEDIR,-94,None,-1.0
13,False,170,2,False,AgenteAleatorio1,20125,5,PLANTARSE,-170,None,-1.0
18,False,72,2,False,AgenteAleatorio1,19955,2,PEDIR,-72,None,-1.0
21,True,106,2,False,AgenteAleatorio1,19883,3,DIVIDIR,-151,None,-1.4245283018867925
9,False,60,2,False,AgenteAleatorio1,20042,10,DIVIDIR,-60,None,-1.0
14,False,151,2,False,AgenteAleatorio1,19982,5,DIVIDIR,-151,None,-1.0
13,False,15,2,False,AgenteAleatorio1,19831,8,DIVIDIR,-15,None,-1.0
13,False,86,2,False,AgenteAleatorio1,19816,3,RENDIRSE,-43,None,-0.5
18,True,172,2,False,AgenteAleatorio1,19773,10,DIVIDIR,-172,None,-1.0
5,False,133,2,False,AgenteAleatorio1,19601,3,RENDIRSE,-66,None,-0.49624060150375937
15,False,169,2,False,AgenteAleatorio1,19534,7,DIVIDIR,-169,None,-1.0
14,False,177,2,False,AgenteAleatorio1,19365,3,DOBLAR,-354,None,-2.0
13,False,75,2,False,AgenteAleatorio1,19011,9,PEDIR,-75,None,-1.0
8,False,60,2,False,AgenteAleatorio1,18936,10,DOBLAR,120,None,2.0
8,False,121,2,False,AgenteAleatorio1,19056,10,RENDIRSE,-60,None,-0.49586776859504134
19,False,118,2,False,AgenteAleatorio1,18995,10,DOBLAR,-236,None,-2.0
12,False,162,2,False,AgenteAleatorio1,18759,10,DOBLAR,0,None,0.0
14,False,127,2,True,AgenteAleatorio1,18759,8,PLANTARSE,-127,None,-1.0
7,False,3,2,False,AgenteAleatorio1,18632,9,PLANTARSE,-3,None,-1.0
20,False,186,2,True,AgenteAleatorio1,18629,5,DOBLAR,-372,None,-2.0
21,True,117,2,False,AgenteAleatorio1,18257,10,PLANTARSE,0,None,0.0
20,False,2,2,True,AgenteAleatorio1,18432,4,DOBLAR,-4,None,-2.0
9,False,148,2,False,AgenteAleatorio1,18428,6,PEDIR,0,None,0.0
17,False,148,3,False,AgenteAleatorio1,18428,6,DIVIDIR,0,None,0.0
17,False,144,2,False,AgenteAleatorio1,18428,10,DOBLAR,-288,None,-2.0
13,False,138,2,False,AgenteAleatorio1,18140,10,DIVIDIR,-138,None,-1.0
13,False,154,2,False,AgenteAleatorio1,18002,2,DOBLAR,-308,None,-2.0
17,False,51,2,False,AgenteAleatorio1,17694,2,DOBLAR,102,None,2.0
13,True,43,2,False,AgenteAleatorio1,17694,10,PEDIR,-43,None,-1.0
13,False,43,3,False,AgenteAleatorio1,17694,10,DOBLAR,-43,None,-1.0
9,False,25,2,False,AgenteAleatorio1,17651,2,PEDIR,0,None,0.0
20,True,25,3,False,AgenteAleatorio1,17651,2,DIVIDIR,0,None,0.0
11,False,50,2,False,AgenteAleatorio1,17651,11,PEDIR,-50,None,-1.0
16,False,50,3,False,AgenteAleatorio1,17651,11,PLANTARSE,-50,None,-1.0
19,False,70,2,False,AgenteAleatorio1,17601,6,DIVIDIR,0,None,0.0
20,False,40,2,True,AgenteAleatorio1,17601,7,PLANTARSE,40,None,1.0
8,False,102,2,True,AgenteAleatorio1,17601,9,PLANTARSE,-102,None,-1.0
18,True,105,2,False,AgenteAleatorio1,17499,8,DOBLAR,-210,None,-2.0
13,True,171,2,False,AgenteAleatorio1,17289,10,PEDIR,-171,None,-1.0
15,True,171,3,False,AgenteAleatorio1,17289,10,DIVIDIR,-171,None,-1.0
16,False,16,2,False,AgenteAleatorio1,17118,5,PLANTARSE,-16,None,-1.0
6,False,56,2,False,AgenteAleatorio1,17102,10,PEDIR,56,None,1.0
17,True,56,3,False,AgenteAleatorio1,17102,10,DOBLAR,56,None,1.0
20,False,37,2,True,AgenteAleatorio1,17158,2,DIVIDIR,-74,None,-2.0
20,False,37,2,True,AgenteAleatorio1,17121,2,DOBLAR,-74,None,-2.0
20,False,37,2,True,AgenteAleatorio1,17084,2,RENDIRSE,-18,None,-0.4864864864864865
16,False,5,2,False,AgenteAleatorio1,17065,8,RENDIRSE,-2,None,-0.4
13,False,159,2,False,AgenteAleatorio1,17062,10,DOBLAR,318,None,2.0
8,False,124,2,False,AgenteAleatorio1,17380,11,DIVIDIR,-124,None,-1.0
8,False,86,2,False,AgenteAleatorio1,17256,10,PLANTARSE,-86,None,-1.0
21,True,45,2,False,AgenteAleatorio1,17170,8,RENDIRSE,-22,None,-0.4888888888888889
14,False,51,2,False,AgenteAleatorio1,17147,7,DIVIDIR,-51,None,-1.0
17,False,92,2,False,AgenteAleatorio1,17096,8,DIVIDIR,-92,None,-1.0
11,False,82,2,False,AgenteAleatorio1,17004,6,RENDIRSE,-41,None,-0.5
16,False,128,2,False,AgenteAleatorio1,16963,7,PEDIR,-128,None,-1.0
16,False,124,2,False,AgenteAleatorio1,16835,10,PEDIR,-124,None,-1.0
21,True,137,2,False,AgenteAleatorio1,16711,10,DIVIDIR,-163,None,-1.1897810218978102
12,False,134,2,False,AgenteAleatorio1,16916,10,PLANTARSE,134,None,1.0
17,False,163,2,False,AgenteAleatorio1,17050,10,DIVIDIR,-163,None,-1.0
20,False,21,2,True,AgenteAleatorio1,16887,5,RENDIRSE,-10,None,-0.47619047619047616
10,False,50,2,False,AgenteAleatorio1,16876,5,DIVIDIR,-50,None,-1.0
9,False,53,2,False,AgenteAleatorio1,16826,8,PEDIR,53,None,1.0
19,False,53,3,False,AgenteAleatorio1,16826,8,DOBLAR,53,None,1.0
13,False,143,2,False,AgenteAleatorio1,16879,9,DOBLAR,286,None,2.0
13,False,123,2,False,AgenteAleatorio1,16879,4,PLANTARSE,-123,None,-1.0
18,False,133,2,True,AgenteAleatorio1,16756,8,RENDIRSE,-66,None,-0.49624060150375937
12,False,35,2,False,AgenteAleatorio1,16689,7,DOBLAR,-70,None,-2.0
4,False,38,2,True,AgenteAleatorio1,16619,8,DIVIDIR,0,None,0.0
4,False,38,2,True,AgenteAleatorio1,16581,8,PEDIR,0,None,0.0
6,False,38,3,False,AgenteAleatorio1,16581,8,PEDIR,0,None,0.0
17,True,38,4,False,AgenteAleatorio1,16581,8,DIVIDIR,0,None,0.0
5,False,38,2,False,AgenteAleatorio1,16581,8,RENDIRSE,-19,None,-0.5
8,False,86,2,False,AgenteAleatorio1,16600,11,PEDIR,-86,None,-1.0
11,False,86,3,False,AgenteAleatorio1,16600,11,PLANTARSE,-86,None,-1.0
6,False,23,2,True,AgenteAleatorio1,16514,5,DIVIDIR,-23,None,-1.0
14,True,23,2,False,AgenteAleatorio1,16491,5,PLANTARSE,-23,None,-1.0
10,False,23,2,False,AgenteAleatorio1,16491,5,PLANTARSE,-23,None,-1.0
14,False,162,2,False,AgenteAleatorio1,16468,2,DOBLAR,-324,None,-2.0
12,False,100,2,False,AgenteAleatorio1,16144,10,PEDIR,-100,None,-1.0
16,False,100,3,False,AgenteAleatorio1,16144,10,DOBLAR,-100,None,-1.0
9,False,155,2,False,AgenteAleatorio1,16044,3,RENDIRSE,-77,None,-0.4967741935483871
21,True,114,2,False,AgenteAleatorio1,15966,10,RENDIRSE,-57,None,-0.5
20,True,112,2,False,AgenteAleatorio1,15909,10,RENDIRSE,-56,None,-0.5
13,False,19,2,False,AgenteAleatorio1,15853,10,PEDIR,-19,None,-1.0
16,False,19,3,False,AgenteAleatorio1,15853,10,PEDIR,-19,None,-1.0
18,False,60,2,False,AgenteAleatorio1,15834,9,PEDIR,-60,None,-1.0
20,False,71,2,True,AgenteAleatorio1,15774,10,DOBLAR,-142,None,-2.0
14,False,51,2,False,AgenteAleatorio1,15632,10,RENDIRSE,-25,None,-0.49019607843137253
11,False,94,2,False,AgenteAleatorio1,15606,3,RENDIRSE,-47,None,-0.5
21,True,142,2,False,AgenteAleatorio1,15559,10,DOBLAR,284,None,2.0
14,False,109,2,False,AgenteAleatorio1,15559,5,DOBLAR,-218,None,-2.0
14,False,133,2,False,AgenteAleatorio1,15341,6,PLANTARSE,-133,None,-1.0
14,False,32,2,False,AgenteAleatorio1,15208,7,PLANTARSE,-32,None,-1.0
6,False,145,2,True,AgenteAleatorio1,15176,5,PLANTARSE,-145,None,-1.0
15,False,82,2,False,AgenteAleatorio1,15031,10,PLANTARSE,-82,None,-1.0
12,False,24,2,True,AgenteAleatorio1,14949,7,PLANTARSE,-24,None,-1.0
10,False,134,2,False,AgenteAleatorio1,14925,5,PEDIR,134,None,1.0
20,False,134,3,False,AgenteAleatorio1,14925,5,DOBLAR,134,None,1.0
11,False,64,2,False,AgenteAleatorio1,15059,5,RENDIRSE,-32,None,-0.5
20,False,11,2,True,AgenteAleatorio1,15027,10,DOBLAR,-22,None,-2.0
6,False,54,2,False,AgenteAleatorio1,15005,11,DIVIDIR,-54,None,-1.0
14,False,97,2,False,AgenteAleatorio1,14951,10,RENDIRSE,-48,None,-0.4948453608247423
15,False,120,2,False,AgenteAleatorio1,14902,10,PLANTARSE,-120,None,-1.0
21,True,133,2,False,AgenteAleatorio1,14782,4,PLANTARSE,25,None,0.18796992481203006
6,False,125,2,False,AgenteAleatorio1,14981,10,RENDIRSE,-62,None,-0.496
10,False,25,2,False,AgenteAleatorio1,14918,2,PLANTARSE,25,None,1.0
20,True,95,2,False,AgenteAleatorio1,14943,10,RENDIRSE,-47,None,-0.49473684210526314
10,False,123,2,False,AgenteAleatorio1,14895,10,PLANTARSE,-123,None,-1.0
18,True,24,2,False,AgenteAleatorio1,14772,7,PLANTARSE,24,None,1.0
9,False,111,2,False,AgenteAleatorio1,14796,9,PEDIR,-111,None,-1.0
20,True,111,3,False,AgenteAleatorio1,14796,9,PEDIR,-111,None,-1.0
20,False,111,4,False,AgenteAleatorio1,14796,9,PEDIR,-111,None,-1.0
14,False,4,2,False,AgenteAleatorio1,14685,10,PLANTARSE,-4,None,-1.0
20,False,101,2,True,AgenteAleatorio1,14681,6,PEDIR,101,None,1.0
21,False,101,3,False,AgenteAleatorio1,14681,6,PLANTARSE,101,None,1.0
13,False,48,2,False,AgenteAleatorio1,14782,6,PLANTARSE,48,None,1.0
15,False,21,2,False,AgenteAleatorio1,14830,11,PLANTARSE,-21,None,-1.0
19,False,76,2,False,AgenteAleatorio1,14809,10,PEDIR,-76,None,-1.0
10,False,90,2,False,AgenteAleatorio1,14733,5,DOBLAR,-180,None,-2.0
12,False,72,2,False,AgenteAleatorio1,14553,11,DOBLAR,-144,None,-2.0
8,False,13,2,False,AgenteAleatorio1,14409,10,RENDIRSE,-6,None,-0.46153846153846156
6,False,28,2,True,AgenteAleatorio1,14402,4,RENDIRSE,-14,None,-0.5
4,False,38,2,True,AgenteAleatorio1,14388,3,DOBLAR,76,None,2.0
16,False,40,2,True,AgenteAleatorio1,14464,7,PLANTARSE,40,None,1.0
14,False,37,2,False,AgenteAleatorio1,14504,5,DOBLAR,74,None,2.0
20,False,21,2,True,AgenteAleatorio1,14504,3,DIVIDIR,-10,None,-0.47619047619047616
16,False,21,2,False,AgenteAleatorio1,14483,3,RENDIRSE,-10,None,-0.47619047619047616
16,False,15,2,False,AgenteAleatorio1,14472,10,RENDIRSE,-7,None,-0.4666666666666667
15,False,79,2,False,AgenteAleatorio1,14464,3,DOBLAR,0,None,0.0
12,False,85,2,False,AgenteAleatorio1,14464,6,DIVIDIR,-85,None,-1.0
10,False,46,2,False,AgenteAleatorio1,14379,4,DIVIDIR,-46,None,-1.0
14,True,61,2,False,AgenteAleatorio1,14333,7,DIVIDIR,-61,None,-1.0
20,False,118,2,True,AgenteAleatorio1,14272,4,RENDIRSE,-59,None,-0.5
12,False,33,2,False,AgenteAleatorio1,14213,10,PLANTARSE,-33,None,-1.0
21,True,132,2,False,AgenteAleatorio1,14180,7,DIVIDIR,-54,None,-0.4090909090909091
17,True,58,2,False,AgenteAleatorio1,14378,10,DOBLAR,-116,None,-2.0
13,False,54,2,False,AgenteAleatorio1,14262,3,DIVIDIR,-54,None,-1.0
20,False,72,2,True,AgenteAleatorio1,14208,3,DIVIDIR,-36,None,-0.5
18,False,72,2,False,AgenteAleatorio1,14136,3,RENDIRSE,-36,None,-0.5
18,False,38,2,False,AgenteAleatorio1,14244,8,PEDIR,-38,None,-1.0
20,False,38,3,False,AgenteAleatorio1,14244,8,DOBLAR,-38,None,-1.0
12,False,3,2,False,AgenteAleatorio1,14206,10,PLANTARSE,-3,None,-1.0
17,False,104,2,False,AgenteAleatorio1,14203,4,PEDIR,104,None,1.0
18,False,104,3,False,AgenteAleatorio1,14203,4,PLANTARSE,104,None,1.0
16,False,93,2,False,AgenteAleatorio1,14307,2,DIVIDIR,-93,None,-1.0
19,False,36,2,False,AgenteAleatorio1,14214,10,DIVIDIR,36,None,1.0
9,False,3,2,False,AgenteAleatorio1,14250,8,PLANTARSE,-3,None,-1.0
13,False,72,2,False,AgenteAleatorio1,14247,4,PEDIR,0,None,0.0
18,False,72,3,False,AgenteAleatorio1,14247,4,RENDIRSE,0,None,0.0
21,True,21,2,False,AgenteAleatorio1,14247,2,PEDIR,21,None,1.0
19,False,21,3,False,AgenteAleatorio1,14247,2,RENDIRSE,21,None,1.0
15,False,52,2,False,AgenteAleatorio1,14247,3,DIVIDIR,-52,None,-1.0
17,False,16,2,False,AgenteAleatorio1,14195,7,PLANTARSE,0,None,0.0
16,False,112,2,False,AgenteAleatorio1,14195,10,RENDIRSE,-56,None,-0.5
12,False,122,2,False,AgenteAleatorio1,14139,10,DIVIDIR,-122,None,-1.0
11,False,7,2,False,AgenteAleatorio1,14017,3,PEDIR,7,None,1.0
13,False,7,3,False,AgenteAleatorio1,14017,3,DIVIDIR,7,None,1.0
18,False,18,2,True,AgenteAleatorio1,14024,10,RENDIRSE,-9,None,-0.5
8,False,71,2,False,AgenteAleatorio1,14015,2,PLANTARSE,-71,None,-1.0
11,False,58,2,False,AgenteAleatorio1,13944,10,DOBLAR,-116,None,-2.0
10,False,79,2,False,AgenteAleatorio1,13828,6,DOBLAR,158,None,2.0
21,True,93,2,False,AgenteAleatorio1,13828,11,DOBLAR,186,None,2.0
17,True,41,2,False,AgenteAleatorio1,13828,7,RENDIRSE,-20,None,-0.4878048780487805
5,False,138,2,False,AgenteAleatorio1,13807,10,DOBLAR,-276,None,-2.0
13,False,115,2,False,AgenteAleatorio1,13531,4,PEDIR,115,None,1.0
17,False,115,3,False,AgenteAleatorio1,13531,4,PLANTARSE,115,None,1.0
18,False,56,2,False,AgenteAleatorio1,13646,5,DIVIDIR,56,None,1.0
21,True,125,2,False,AgenteAleatorio1,13702,6,DOBLAR,-250,None,-2.0
19,False,106,2,False,AgenteAleatorio1,13452,6,PEDIR,-106,None,-1.0
20,False,108,2,True,AgenteAleatorio1,13346,10,DIVIDIR,-54,None,-0.5
20,False,108,2,True,AgenteAleatorio1,13238,10,DIVIDIR,-54,None,-0.5
20,False,108,2,True,AgenteAleatorio1,13130,10,RENDIRSE,-54,None,-0.5
12,False,108,2,False,AgenteAleatorio1,13184,10,PEDIR,-108,None,-1.0
19,False,108,3,False,AgenteAleatorio1,13184,10,PEDIR,-108,None,-1.0
14,False,116,2,False,AgenteAleatorio1,13184,7,PEDIR,-116,None,-1.0
19,False,116,3,False,AgenteAleatorio1,13184,7,DIVIDIR,-116,None,-1.0
13,False,113,2,False,AgenteAleatorio1,13068,9,PEDIR,113,None,1.0
14,False,113,3,False,AgenteAleatorio1,13068,9,DIVIDIR,113,None,1.0
17,False,127,2,False,AgenteAleatorio1,13181,10,RENDIRSE,-63,None,-0.49606299212598426
16,False,85,2,False,AgenteAleatorio1,13117,10,PEDIR,-85,None,-1.0
14,False,44,2,False,AgenteAleatorio1,13032,4,PEDIR,-44,None,-1.0
19,True,93,2,False,AgenteAleatorio1,12988,2,PEDIR,93,None,1.0
19,False,93,3,False,AgenteAleatorio1,12988,2,DIVIDIR,93,None,1.0
18,False,108,2,False,AgenteAleatorio1,12988,7,RENDIRSE,-54,None,-0.5
5,False,43,2,False,AgenteAleatorio1,12934,6,DOBLAR,86,None,2.0
16,False,59,2,True,AgenteAleatorio1,13020,3,PLANTARSE,59,None,1.0
16,False,63,2,False,AgenteAleatorio1,13079,2,PEDIR,-63,None,-1.0
14,False,36,2,False,AgenteAleatorio1,13016,6,RENDIRSE,-18,None,-0.5
6,False,75,2,False,AgenteAleatorio1,12998,7,RENDIRSE,-37,None,-0.49333333333333335
14,False,73,2,False,AgenteAleatorio1,12960,11,DOBLAR,-146,None,-2.0
11,False,32,2,False,AgenteAleatorio1,12814,4,DIVIDIR,-32,None,-1.0
11,False,75,2,False,AgenteAleatorio1,12782,11,PLANTARSE,-75,None,-1.0
16,False,100,2,False,AgenteAleatorio1,12707,10,DIVIDIR,-100,None,-1.0
17,False,22,2,False,AgenteAleatorio1,12607,4,PEDIR,-22,None,-1.0
21,True,122,2,False,AgenteAleatorio1,12585,6,DIVIDIR,0,None,0.0
16,False,24,2,False,AgenteAleatorio1,12585,7,RENDIRSE,-12,None,-0.5
17,False,32,2,False,AgenteAleatorio1,12573,4,PLANTARSE,0,None,0.0
10,False,18,2,False,AgenteAleatorio1,12573,11,PEDIR,18,None,1.0
20,False,18,3,False,AgenteAleatorio1,12573,11,DOBLAR,18,None,1.0
21,True,104,2,False,AgenteAleatorio1,12573,4,DOBLAR,-208,None,-2.0
13,False,58,2,False,AgenteAleatorio1,12365,10,PLANTARSE,-58,None,-1.0
16,True,76,2,False,AgenteAleatorio1,12307,10,DOBLAR,-152,None,-2.0
17,False,27,2,False,AgenteAleatorio1,12155,6,PLANTARSE,27,None,1.0
14,False,15,2,False,AgenteAleatorio1,12182,4,DIVIDIR,-15,None,-1.0
10,False,49,2,False,AgenteAleatorio1,12167,10,DOBLAR,98,None,2.0
19,True,15,2,False,AgenteAleatorio1,12167,2,PEDIR,15,None,1.0
18,False,15,3,False,AgenteAleatorio1,12167,2,PLANTARSE,15,None,1.0
14,False,34,2,False,AgenteAleatorio1,12182,9,PEDIR,-34,None,-1.0
11,False,40,2,False,AgenteAleatorio1,12148,10,DOBLAR,80,None,2.0
7,False,121,2,False,AgenteAleatorio1,12228,6,DIVIDIR,-121,None,-1.0
14,False,69,2,False,AgenteAleatorio1,12107,6,DOBLAR,-138,None,-2.0
14,False,60,2,False,AgenteAleatorio1,11969,5,PEDIR,60,None,1.0
16,False,60,3,False,AgenteAleatorio1,11969,5,DOBLAR,60,None,1.0
7,False,13,2,False,AgenteAleatorio1,12029,6,DIVIDIR,-13,None,-1.0
15,False,10,2,False,AgenteAleatorio1,12016,3,RENDIRSE,-5,None,-0.5
13,False,34,2,False,AgenteAleatorio1,12011,5,PEDIR,0,None,0.0
17,False,34,3,False,AgenteAleatorio1,12011,5,DOBLAR,0,None,0.0
14,True,72,2,False,AgenteAleatorio1,12011,7,PLANTARSE,72,None,1.0
16,False,18,2,False,AgenteAleatorio1,12083,10,PLANTARSE,-18,None,-1.0
7,False,41,2,False,AgenteAleatorio1,12065,10,PLANTARSE,-41,None,-1.0
11,False,102,2,False,AgenteAleatorio1,12024,7,RENDIRSE,-51,None,-0.5
15,False,52,2,False,AgenteAleatorio1,11973,2,RENDIRSE,-26,None,-0.5
16,False,18,2,False,AgenteAleatorio1,11947,2,PLANTARSE,-18,None,-1.0
12,False,101,2,False,AgenteAleatorio1,11929,3,PLANTARSE,101,None,1.0
16,False,111,2,False,AgenteAleatorio1,12030,10,DIVIDIR,-111,None,-1.0
18,False,27,2,False,AgenteAleatorio1,11919,10,PLANTARSE,27,None,1.0
15,False,110,2,False,AgenteAleatorio1,11946,10,PLANTARSE,-110,None,-1.0
20,True,106,2,False,AgenteAleatorio1,11836,11,PEDIR,-106,None,-1.0
15,False,106,3,False,AgenteAleatorio1,11836,11,PLANTARSE,-106,None,-1.0
12,False,65,2,False,AgenteAleatorio1,11730,7,RENDIRSE,-32,None,-0.49230769230769234
16,False,81,2,False,AgenteAleatorio1,11697,10,PEDIR,-81,None,-1.0
18,False,81,3,False,AgenteAleatorio1,11697,10,DOBLAR,-81,None,-1.0
21,True,80,2,False,AgenteAleatorio1,11616,10,RENDIRSE,-40,None,-0.5
8,False,23,2,False,AgenteAleatorio1,11576,7,PLANTARSE,-23,None,-1.0
18,False,12,2,False,AgenteAleatorio1,11553,10,PLANTARSE,-12,None,-1.0
15,False,112,2,False,AgenteAleatorio1,11541,10,DOBLAR,-224,None,-2.0
14,False,31,2,False,AgenteAleatorio1,11317,9,DOBLAR,-62,None,-2.0
14,False,55,2,False,AgenteAleatorio1,11255,3,PLANTARSE,55,None,1.0
17,False,83,2,False,AgenteAleatorio1,11310,10,DIVIDIR,-83,None,-1.0
13,True,70,2,False,AgenteAleatorio1,11227,10,DOBLAR,-140,None,-2.0
14,False,60,2,False,AgenteAleatorio1,11087,4,PEDIR,60,None,1.0
16,False,60,3,False,AgenteAleatorio1,11087,4,PLANTARSE,60,None,1.0
14,False,32,2,False,AgenteAleatorio1,11147,8,RENDIRSE,-16,None,-0.5
15,False,53,2,False,AgenteAleatorio1,11131,11,PEDIR,-53,None,-1.0
20,False,88,2,True,AgenteAleatorio1,11078,2,PEDIR,-88,None,-1.0
16,False,97,2,False,AgenteAleatorio1,10990,6,DIVIDIR,-97,None,-1.0
16,False,72,2,False,AgenteAleatorio1,10893,10,PEDIR,-72,None,-1.0
9,False,47,2,False,AgenteAleatorio1,10821,11,DIVIDIR,-47,None,-1.0
21,True,97,2,False,AgenteAleatorio1,10774,7,PEDIR,97,None,1.0
20,False,97,3,False,AgenteAleatorio1,10774,7,DOBLAR,97,None,1.0
11,False,64,2,False,AgenteAleatorio1,10774,2,RENDIRSE,-32,None,-0.5
20,False,26,2,True,AgenteAleatorio1,10742,10,PEDIR,-26,None,-1.0
16,False,30,2,False,AgenteAleatorio1,10716,2,DIVIDIR,30,None,1.0
18,True,20,2,False,AgenteAleatorio1,10746,10,RENDIRSE,-10,None,-0.5
10,False,44,2,False,AgenteAleatorio1,10736,5,RENDIRSE,-22,None,-0.5
21,True,91,2,False,AgenteAleatorio1,10714,3,DOBLAR,182,None,2.0
19,False,9,2,False,AgenteAleatorio1,10714,8,PEDIR,-9,None,-1.0
17,False,41,2,False,AgenteAleatorio1,10705,5,RENDIRSE,-20,None,-0.4878048780487805
13,False,79,2,False,AgenteAleatorio1,10684,5,PLANTARSE,-79,None,-1.0
19,False,3,2,False,AgenteAleatorio1,10605,2,PLANTARSE,-3,None,-1.0
13,False,13,2,False,AgenteAleatorio1,10602,10,PEDIR,-13,None,-1.0
7,False,92,2,False,AgenteAleatorio1,10589,2,PLANTARSE,-92,None,-1.0
12,False,83,2,False,AgenteAleatorio1,10497,10,PLANTARSE,-83,None,-1.0
20,False,45,2,True,AgenteAleatorio1,10414,6,DIVIDIR,-90,None,-2.0
19,False,45,2,False,AgenteAleatorio1,10369,6,DOBLAR,-90,None,-2.0
12,False,45,2,False,AgenteAleatorio1,10324,6,DOBLAR,-90,None,-2.0
18,False,42,2,False,AgenteAleatorio1,10234,5,DOBLAR,-84,None,-2.0
16,True,28,2,False,AgenteAleatorio1,10150,9,PLANTARSE,-28,None,-1.0
15,False,88,2,False,AgenteAleatorio1,10122,6,PEDIR,-88,None,-1.0
18,False,88,3,False,AgenteAleatorio1,10122,6,DIVIDIR,-88,None,-1.0
12,False,19,2,False,AgenteAleatorio1,10034,8,DOBLAR,38,None,2.0
17,False,74,2,False,AgenteAleatorio1,10034,11,PEDIR,-74,None,-1.0
17,True,26,2,False,AgenteAleatorio1,9960,7,PLANTARSE,26,None,1.0
14,False,71,2,False,AgenteAleatorio1,9986,2,DIVIDIR,-71,None,-1.0
18,False,94,2,False,AgenteAleatorio1,9915,6,DOBLAR,-188,None,-2.0
11,False,71,2,False,AgenteAleatorio1,9727,3,PLANTARSE,-71,None,-1.0
11,False,59,2,False,AgenteAleatorio1,9656,11,DIVIDIR,-59,None,-1.0
12,False,50,2,False,AgenteAleatorio1,9597,4,DOBLAR,-100,None,-2.0
20,False,85,2,True,AgenteAleatorio1,9497,10,PEDIR,-85,None,-1.0
20,False,53,2,True,AgenteAleatorio1,9412,4,PLANTARSE,53,None,1.0
19,False,40,2,False,AgenteAleatorio1,9412,3,PLANTARSE,40,None,1.0
19,False,27,2,False,AgenteAleatorio1,9452,4,DOBLAR,54,None,2.0
17,False,51,2,False,AgenteAleatorio1,9452,10,DOBLAR,-102,None,-2.0
9,False,73,2,False,AgenteAleatorio1,9350,10,DOBLAR,146,None,2.0
12,False,92,2,False,AgenteAleatorio1,9496,6,RENDIRSE,-46,None,-0.5
15,False,29,2,False,AgenteAleatorio1,9450,6,RENDIRSE,-14,None,-0.4827586206896552
15,False,9,2,False,AgenteAleatorio1,9435,5,RENDIRSE,-4,None,-0.4444444444444444
16,False,58,2,True,AgenteAleatorio1,9430,6,PEDIR,-58,None,-1.0
19,False,58,3,False,AgenteAleatorio1,9430,6,DOBLAR,-58,None,-1.0
16,False,5,2,False,AgenteAleatorio1,9372,10,DIVIDIR,-5,None,-1.0
20,False,42,2,True,AgenteAleatorio1,9367,2,PLANTARSE,42,None,1.0
7,False,93,2,False,AgenteAleatorio1,9367,11,PLANTARSE,-93,None,-1.0
20,True,70,2,False,AgenteAleatorio1,9274,10,DOBLAR,140,None,2.0
13,False,88,2,False,AgenteAleatorio1,9274,3,PLANTARSE,88,None,1.0
12,False,41,2,False,AgenteAleatorio1,9362,11,RENDIRSE,-20,None,-0.4878048780487805
20,False,71,2,True,AgenteAleatorio1,9341,4,DIVIDIR,-142,None,-2.0
19,False,71,2,False,AgenteAleatorio1,9270,4,DOBLAR,-142,None,-2.0
17,False,71,2,False,AgenteAleatorio1,9199,4,PLANTARSE,71,None,1.0
8,False,25,2,True,AgenteAleatorio1,9270,5,PEDIR,0,None,0.0
18,False,25,3,False,AgenteAleatorio1,9270,5,DOBLAR,0,None,0.0
14,False,47,2,False,AgenteAleatorio1,9270,9,PEDIR,-47,None,-1.0
15,False,92,2,False,AgenteAleatorio1,9223,8,PEDIR,-92,None,-1.0
11,False,49,2,False,AgenteAleatorio1,9131,11,RENDIRSE,-24,None,-0.4897959183673469
18,True,31,2,False,AgenteAleatorio1,9106,10,DOBLAR,62,None,2.0
13,False,44,2,False,AgenteAleatorio1,9168,6,RENDIRSE,-22,None,-0.5
17,True,91,2,False,AgenteAleatorio1,9146,5,DOBLAR,-182,None,-2.0
12,False,84,2,True,AgenteAleatorio1,8964,10,PLANTARSE,-84,None,-1.0
6,False,18,2,False,AgenteAleatorio1,8880,2,DIVIDIR,18,None,1.0
12,False,40,2,False,AgenteAleatorio1,8898,7,DIVIDIR,-40,None,-1.0
17,False,43,2,False,AgenteAleatorio1,8858,10,PLANTARSE,43,None,1.0
12,False,32,2,False,AgenteAleatorio1,8901,7,DIVIDIR,-32,None,-1.0
16,False,62,2,False,AgenteAleatorio1,8869,10,RENDIRSE,-31,None,-0.5
21,True,54,2,False,AgenteAleatorio1,8838,4,RENDIRSE,-27,None,-0.5
20,True,56,2,False,AgenteAleatorio1,8811,11,DIVIDIR,-56,None,-1.0
12,False,33,2,False,AgenteAleatorio1,8755,2,DIVIDIR,-33,None,-1.0
19,False,48,2,False,AgenteAleatorio1,8722,11,DOBLAR,-96,None,-2.0
9,False,24,2,False,AgenteAleatorio1,8626,2,PLANTARSE,-24,None,-1.0
19,False,28,2,False,AgenteAleatorio1,8602,6,RENDIRSE,-14,None,-0.5
10,False,16,2,False,AgenteAleatorio1,8588,10,PEDIR,-16,None,-1.0
20,False,16,3,False,AgenteAleatorio1,8588,10,PLANTARSE,-16,None,-1.0
7,False,85,2,False,AgenteAleatorio1,8572,8,PEDIR,-85,None,-1.0
15,False,85,3,False,AgenteAleatorio1,8572,8,PEDIR,-85,None,-1.0
19,False,85,4,False,AgenteAleatorio1,8572,8,DOBLAR,-85,None,-1.0
12,False,40,2,False,AgenteAleatorio1,8487,6,RENDIRSE,-20,None,-0.5
19,False,15,2,False,AgenteAleatorio1,8467,3,PLANTARSE,15,None,1.0
11,False,79,2,False,AgenteAleatorio1,8467,3,DOBLAR,158,None,2.0
15,False,13,2,False,AgenteAleatorio1,8467,5,RENDIRSE,-6,None,-0.46153846153846156
20,False,52,2,True,AgenteAleatorio1,8460,8,PEDIR,-52,None,-1.0
4,False,73,2,True,AgenteAleatorio1,8408,10,DOBLAR,146,None,2.0
16,False,54,2,False,AgenteAleatorio1,8554,8,PLANTARSE,-54,None,-1.0
12,False,59,2,False,AgenteAleatorio1,8500,9,PEDIR,-59,None,-1.0
18,False,59,3,False,AgenteAleatorio1,8500,9,PLANTARSE,-59,None,-1.0
16,False,28,2,False,AgenteAleatorio1,8441,5,PEDIR,-28,None,-1.0
10,False,5,2,False,AgenteAleatorio1,8413,6,PLANTARSE,-5,None,-1.0
20,False,73,2,True,AgenteAleatorio1,8408,10,PEDIR,-73,None,-1.0
7,False,61,2,False,AgenteAleatorio1,8335,3,RENDIRSE,-30,None,-0.4918032786885246
12,False,28,2,False,AgenteAleatorio1,8304,9,DIVIDIR,28,None,1.0
20,False,65,2,True,AgenteAleatorio1,8332,10,PLANTARSE,65,None,1.0
12,False,51,2,False,AgenteAleatorio1,8332,3,DOBLAR,102,None,2.0
9,False,83,2,False,AgenteAleatorio1,8332,2,DOBLAR,-166,None,-2.0
12,False,75,2,False,AgenteAleatorio1,8166,10,PLANTARSE,-75,None,-1.0
15,False,10,2,False,AgenteAleatorio1,8091,7,PLANTARSE,-10,None,-1.0
21,True,48,2,False,AgenteAleatorio1,8081,10,DIVIDIR,108,None,2.25
10,False,1,2,False,AgenteAleatorio1,8153,6,PEDIR,0,None,0.0
20,False,1,3,False,AgenteAleatorio1,8153,6,DIVIDIR,0,None,0.0
12,False,54,2,True,AgenteAleatorio1,8153,3,DOBLAR,108,None,2.0
14,True,60,2,False,AgenteAleatorio1,8261,8,PEDIR,-60,None,-1.0
14,False,60,3,False,AgenteAleatorio1,8261,8,RENDIRSE,-60,None,-1.0
14,False,35,2,False,AgenteAleatorio1,8201,11,DIVIDIR,-35,None,-1.0
13,False,77,2,False,AgenteAleatorio1,8166,10,RENDIRSE,-38,None,-0.4935064935064935
16,False,52,2,False,AgenteAleatorio1,8127,10,PLANTARSE,-52,None,-1.0
11,False,60,2,False,AgenteAleatorio1,8075,7,PLANTARSE,-60,None,-1.0
20,False,20,2,True,AgenteAleatorio1,8015,10,PEDIR,-20,None,-1.0
14,False,69,2,False,AgenteAleatorio1,7995,10,RENDIRSE,-34,None,-0.4927536231884058
18,True,24,2,False,AgenteAleatorio1,7960,4,PEDIR,24,None,1.0
18,False,24,3,False,AgenteAleatorio1,7960,4,RENDIRSE,24,None,1.0
12,False,61,2,False,AgenteAleatorio1,7984,6,DIVIDIR,61,None,1.0
21,True,80,2,False,AgenteAleatorio1,8045,9,PLANTARSE,142,None,1.775
21,True,19,2,False,AgenteAleatorio1,8165,10,PEDIR,-19,None,-1.0
12,False,19,3,False,AgenteAleatorio1,8165,10,PLANTARSE,-19,None,-1.0
11,False,71,2,False,AgenteAleatorio1,8146,3,DOBLAR,142,None,2.0
16,False,12,2,False,AgenteAleatorio1,8288,10,PLANTARSE,12,None,1.0
14,False,46,2,False,AgenteAleatorio1,8300,8,DIVIDIR,-46,None,-1.0
19,False,78,2,False,AgenteAleatorio1,8254,2,DOBLAR,-156,None,-2.0
21,True,13,2,False,AgenteAleatorio1,8098,2,RENDIRSE,-6,None,-0.46153846153846156
18,False,47,2,False,AgenteAleatorio1,8091,5,RENDIRSE,-23,None,-0.48936170212765956
19,False,67,2,False,AgenteAleatorio1,8067,10,DOBLAR,-134,None,-2.0
20,False,28,2,True,AgenteAleatorio1,7933,7,PLANTARSE,-28,None,-1.0
13,False,42,2,False,AgenteAleatorio1,7905,10,DIVIDIR,-42,None,-1.0
18,False,1,2,False,AgenteAleatorio1,7863,10,DOBLAR,-2,None,-2.0
16,False,30,2,False,AgenteAleatorio1,7861,10,DIVIDIR,30,None,1.0
20,False,25,2,True,AgenteAleatorio1,7891,6,DIVIDIR,25,None,1.0
20,False,25,2,True,AgenteAleatorio1,7866,6,PLANTARSE,25,None,1.0
18,False,25,2,False,AgenteAleatorio1,7866,6,PEDIR,-25,None,-1.0
8,False,53,2,False,AgenteAleatorio1,7866,10,PEDIR,-53,None,-1.0
18,False,53,3,False,AgenteAleatorio1,7866,10,DIVIDIR,-53,None,-1.0
12,False,8,2,False,AgenteAleatorio1,7813,2,DOBLAR,16,None,2.0
13,False,31,2,False,AgenteAleatorio1,7813,5,PEDIR,-31,None,-1.0
15,False,31,3,False,AgenteAleatorio1,7813,5,RENDIRSE,-31,None,-1.0
7,False,36,2,False,AgenteAleatorio1,7782,8,PEDIR,-36,None,-1.0
14,False,36,3,False,AgenteAleatorio1,7782,8,PEDIR,-36,None,-1.0
11,False,18,2,False,AgenteAleatorio1,7746,2,PLANTARSE,18,None,1.0
8,False,46,2,False,AgenteAleatorio1,7764,6,DOBLAR,-92,None,-2.0
18,False,15,2,False,AgenteAleatorio1,7672,10,PLANTARSE,-15,None,-1.0
14,True,68,2,False,AgenteAleatorio1,7657,10,DIVIDIR,68,None,1.0
18,True,25,2,False,AgenteAleatorio1,7725,3,RENDIRSE,-12,None,-0.48
19,False,72,2,False,AgenteAleatorio1,7712,7,PEDIR,-72,None,-1.0
15,False,28,2,False,AgenteAleatorio1,7640,10,DOBLAR,-56,None,-2.0
12,False,12,2,False,AgenteAleatorio1,7584,4,RENDIRSE,-6,None,-0.5
20,False,72,2,True,AgenteAleatorio1,7578,8,DIVIDIR,72,None,1.0
14,False,72,2,False,AgenteAleatorio1,7506,8,PLANTARSE,72,None,1.0
17,False,72,2,False,AgenteAleatorio1,7506,8,PEDIR,72,None,1.0
19,False,72,3,False,AgenteAleatorio1,7506,8,RENDIRSE,72,None,1.0
17,False,42,2,False,AgenteAleatorio1,7722,10,RENDIRSE,-21,None,-0.5
14,False,36,2,False,AgenteAleatorio1,7701,5,DOBLAR,-72,None,-2.0
11,False,6,2,False,AgenteAleatorio1,7629,8,DOBLAR,12,None,2.0
10,False,8,2,False,AgenteAleatorio1,7641,3,DIVIDIR,-8,None,-1.0
17,False,54,2,False,AgenteAleatorio1,7633,10,RENDIRSE,-27,None,-0.5
16,False,36,2,False,AgenteAleatorio1,7606,4,RENDIRSE,-18,None,-0.5
8,False,48,2,False,AgenteAleatorio1,7588,6,DIVIDIR,-48,None,-1.0
9,False,65,2,False,AgenteAleatorio1,7540,3,PLANTARSE,65,None,1.0
20,True,16,2,False,AgenteAleatorio1,7605,5,DOBLAR,0,None,0.0
9,False,53,2,False,AgenteAleatorio1,7605,11,DIVIDIR,-53,None,-1.0
17,True,46,2,False,AgenteAleatorio1,7552,9,RENDIRSE,-23,None,-0.5
21,True,12,2,False,AgenteAleatorio1,7529,8,PEDIR,-12,None,-1.0
21,False,12,3,False,AgenteAleatorio1,7529,8,PEDIR,-12,None,-1.0
8,False,51,2,False,AgenteAleatorio1,7517,7,RENDIRSE,-25,None,-0.49019607843137253
20,False,8,2,True,AgenteAleatorio1,7491,4,DOBLAR,-16,None,-2.0
17,True,29,2,False,AgenteAleatorio1,7475,3,PEDIR,29,None,1.0
17,False,29,3,False,AgenteAleatorio1,7475,3,PLANTARSE,29,None,1.0
12,False,17,2,False,AgenteAleatorio1,7504,6,PLANTARSE,-17,None,-1.0
20,True,66,2,False,AgenteAleatorio1,7487,10,DOBLAR,-132,None,-2.0
19,False,62,2,False,AgenteAleatorio1,7355,7,DOBLAR,-124,None,-2.0
19,False,59,2,False,AgenteAleatorio1,7231,5,DOBLAR,-118,None,-2.0
8,False,19,2,True,AgenteAleatorio1,7113,9,RENDIRSE,-9,None,-0.47368421052631576
5,False,31,2,False,AgenteAleatorio1,7103,11,DOBLAR,-62,None,-2.0
12,False,70,2,False,AgenteAleatorio1,7041,4,PLANTARSE,-70,None,-1.0
17,False,56,2,False,AgenteAleatorio1,6971,5,PEDIR,-56,None,-1.0
14,False,69,2,False,AgenteAleatorio1,6915,9,RENDIRSE,-34,None,-0.4927536231884058
13,False,32,2,False,AgenteAleatorio1,6880,2,DOBLAR,64,None,2.0
21,True,4,2,False,AgenteAleatorio1,6944,10,DIVIDIR,-11,None,-2.75
14,False,66,2,False,AgenteAleatorio1,6950,3,PLANTARSE,66,None,1.0
20,False,11,2,True,AgenteAleatorio1,7016,7,PEDIR,-11,None,-1.0
17,False,5,2,False,AgenteAleatorio1,7005,10,DOBLAR,-10,None,-2.0
20,False,36,2,True,AgenteAleatorio1,6995,10,PEDIR,-36,None,-1.0
5,False,17,2,False,AgenteAleatorio1,6959,8,PEDIR,17,None,1.0
16,True,17,3,False,AgenteAleatorio1,6959,8,PLANTARSE,17,None,1.0
5,False,11,2,False,AgenteAleatorio1,6976,3,PEDIR,-11,None,-1.0
8,False,11,3,False,AgenteAleatorio1,6976,3,PEDIR,-11,None,-1.0
16,False,11,4,False,AgenteAleatorio1,6976,3,RENDIRSE,-11,None,-1.0
15,False,17,2,False,AgenteAleatorio1,6965,5,PLANTARSE,17,None,1.0
15,False,30,2,False,AgenteAleatorio1,6982,8,DOBLAR,-60,None,-2.0
21,True,29,2,False,AgenteAleatorio1,6922,10,PLANTARSE,39,None,1.3448275862068966
13,False,27,2,False,AgenteAleatorio1,6922,10,RENDIRSE,-13,None,-0.48148148148148145
11,False,39,2,False,AgenteAleatorio1,6908,5,PEDIR,39,None,1.0
21,False,39,3,False,AgenteAleatorio1,6908,5,DIVIDIR,39,None,1.0
16,False,69,2,False,AgenteAleatorio1,6947,3,PLANTARSE,69,None,1.0
10,False,48,2,False,AgenteAleatorio1,7016,3,DIVIDIR,-48,None,-1.0
16,False,17,2,False,AgenteAleatorio1,6968,4,RENDIRSE,-8,None,-0.47058823529411764
21,True,43,2,False,AgenteAleatorio1,6959,10,PEDIR,43,None,1.0
21,False,43,3,False,AgenteAleatorio1,6959,10,PLANTARSE,43,None,1.0
14,False,26,2,False,AgenteAleatorio1,6959,7,RENDIRSE,-13,None,-0.5
18,False,5,2,True,AgenteAleatorio1,6946,9,DOBLAR,-10,None,-2.0
20,False,12,2,True,AgenteAleatorio1,6936,10,PLANTARSE,0,None,0.0
11,False,20,2,False,AgenteAleatorio1,6936,5,PLANTARSE,-20,None,-1.0
13,True,14,2,False,AgenteAleatorio1,6916,5,DOBLAR,-28,None,-2.0
13,False,61,2,False,AgenteAleatorio1,6888,10,RENDIRSE,-30,None,-0.4918032786885246
10,False,41,2,False,AgenteAleatorio1,6857,8,PEDIR,-41,None,-1.0
17,False,41,3,False,AgenteAleatorio1,6857,8,PEDIR,-41,None,-1.0
17,True,59,2,False,AgenteAleatorio1,6816,4,DOBLAR,118,None,2.0
11,False,61,2,False,AgenteAleatorio1,6934,3,DOBLAR,-122,None,-2.0
11,False,51,2,False,AgenteAleatorio1,6812,10,RENDIRSE,-25,None,-0.49019607843137253
12,False,40,2,True,AgenteAleatorio1,6786,4,PEDIR,-40,None,-1.0
14,False,32,2,False,AgenteAleatorio1,6746,9,PLANTARSE,-32,None,-1.0
15,False,56,2,False,AgenteAleatorio1,6714,8,PLANTARSE,-56,None,-1.0
17,True,66,2,False,AgenteAleatorio1,6658,10,PEDIR,66,None,1.0
21,True,66,3,False,AgenteAleatorio1,6658,10,RENDIRSE,66,None,1.0
12,False,23,2,False,AgenteAleatorio1,6658,6,DOBLAR,46,None,2.0
15,False,35,2,False,AgenteAleatorio1,6704,11,PEDIR,-35,None,-1.0
16,False,35,3,False,AgenteAleatorio1,6704,11,DOBLAR,-35,None,-1.0
17,False,53,2,False,AgenteAleatorio1,6669,10,PLANTARSE,0,None,0.0
18,False,32,2,True,AgenteAleatorio1,6669,7,DIVIDIR,32,None,1.0
19,False,32,2,False,AgenteAleatorio1,6637,7,PLANTARSE,32,None,1.0
16,False,32,2,False,AgenteAleatorio1,6637,7,RENDIRSE,-16,None,-0.5
19,False,65,2,False,AgenteAleatorio1,6653,2,PLANTARSE,65,None,1.0
10,False,49,2,False,AgenteAleatorio1,6718,6,DIVIDIR,-49,None,-1.0
15,False,47,2,False,AgenteAleatorio1,6669,11,PLANTARSE,-47,None,-1.0
16,False,53,2,False,AgenteAleatorio1,6622,4,RENDIRSE,-26,None,-0.49056603773584906
20,True,26,2,False,AgenteAleatorio1,6595,3,DOBLAR,52,None,2.0
19,False,26,2,False,AgenteAleatorio1,6595,3,DIVIDIR,26,None,1.0
8,False,45,2,True,AgenteAleatorio1,6595,4,PLANTARSE,-45,None,-1.0
20,False,9,2,True,AgenteAleatorio1,6550,3,RENDIRSE,-4,None,-0.4444444444444444
18,False,6,2,False,AgenteAleatorio1,6545,2,PEDIR,-6,None,-1.0
16,True,7,2,False,AgenteAleatorio1,6539,10,PLANTARSE,-7,None,-1.0
20,False,55,2,True,AgenteAleatorio1,6532,8,DOBLAR,-110,None,-2.0
18,False,40,2,False,AgenteAleatorio1,6422,7,DIVIDIR,40,None,1.0
13,False,47,2,False,AgenteAleatorio1,6422,5,DIVIDIR,-47,None,-1.0
13,False,50,2,False,AgenteAleatorio1,6375,5,DOBLAR,-100,None,-2.0
13,False,43,2,False,AgenteAleatorio1,6275,5,PEDIR,43,None,1.0
14,False,43,3,False,AgenteAleatorio1,6275,5,RENDIRSE,43,None,1.0
9,False,52,2,False,AgenteAleatorio1,6318,10,RENDIRSE,-26,None,-0.5
18,False,22,2,True,AgenteAleatorio1,6292,5,RENDIRSE,-11,None,-0.5
13,False,20,2,False,AgenteAleatorio1,6281,10,DOBLAR,-40,None,-2.0
13,False,28,2,False,AgenteAleatorio1,6241,6,DIVIDIR,-28,None,-1.0
21,True,24,2,False,AgenteAleatorio1,6213,4,PLANTARSE,43,None,1.7916666666666667
12,False,21,2,False,AgenteAleatorio1,6249,10,PLANTARSE,-21,None,-1.0
19,False,43,2,False,AgenteAleatorio1,6228,8,DIVIDIR,43,None,1.0
11,False,7,2,False,AgenteAleatorio1,6228,3,DIVIDIR,-7,None,-1.0
18,False,14,2,False,AgenteAleatorio1,6221,6,PLANTARSE,-14,None,-1.0
16,False,19,2,False,AgenteAleatorio1,6207,7,RENDIRSE,-9,None,-0.47368421052631576
8,False,56,2,False,AgenteAleatorio1,6197,6,RENDIRSE,-28,None,-0.5
18,False,12,2,False,AgenteAleatorio1,6169,5,PLANTARSE,0,None,0.0
20,False,18,2,True,AgenteAleatorio1,6169,11,RENDIRSE,-9,None,-0.5
19,False,17,2,False,AgenteAleatorio1,6160,5,RENDIRSE,-8,None,-0.47058823529411764
12,False,8,2,False,AgenteAleatorio1,6151,10,RENDIRSE,-4,None,-0.5
14,False,29,2,False,AgenteAleatorio1,6147,11,DOBLAR,-58,None,-2.0
14,False,13,2,False,AgenteAleatorio1,6089,10,RENDIRSE,-6,None,-0.46153846153846156
13,False,27,2,False,AgenteAleatorio1,6082,10,DIVIDIR,-27,None,-1.0
18,False,29,2,False,AgenteAleatorio1,6055,2,RENDIRSE,-14,None,-0.4827586206896552
20,False,14,2,True,AgenteAleatorio1,6040,10,DOBLAR,-28,None,-2.0
19,False,25,2,False,AgenteAleatorio1,6012,9,PEDIR,25,None,1.0
20,False,25,3,False,AgenteAleatorio1,6012,9,DIVIDIR,25,None,1.0
10,False,49,2,False,AgenteAleatorio1,6012,4,RENDIRSE,-24,None,-0.4897959183673469
6,False,27,2,False,AgenteAleatorio1,5987,5,PEDIR,27,None,1.0
10,False,27,3,False,AgenteAleatorio1,5987,5,DOBLAR,27,None,1.0
10,False,27,2,False,AgenteAleatorio1,6014,8,PEDIR,27,None,1.0
21,True,27,3,False,AgenteAleatorio1,6014,8,RENDIRSE,27,None,1.0
6,False,34,2,False,AgenteAleatorio1,6014,5,PEDIR,-34,None,-1.0
16,False,34,3,False,AgenteAleatorio1,6014,5,RENDIRSE,-34,None,-1.0
14,False,54,2,False,AgenteAleatorio1,5980,2,DIVIDIR,-54,None,-1.0
13,True,1,2,False,AgenteAleatorio1,5926,7,DIVIDIR,-1,None,-1.0
16,False,1,2,False,AgenteAleatorio1,5925,6,RENDIRSE,0,None,0.0
4,False,43,2,True,AgenteAleatorio1,5924,3,DIVIDIR,-21,None,-0.4883720930232558
12,False,43,2,False,AgenteAleatorio1,5881,3,RENDIRSE,-21,None,-0.4883720930232558
17,False,18,2,False,AgenteAleatorio1,5859,4,DIVIDIR,18,None,1.0
19,True,51,2,False,AgenteAleatorio1,5877,10,DIVIDIR,51,None,1.0
18,False,9,2,False,AgenteAleatorio1,5877,4,DOBLAR,-18,None,-2.0
